row_num,designation,common_name,z,instrument,adopted,sdss_flag,sul_flag,cat_flags,CIV_blue,CIV_EW,CIVgood_manmask
1,J000543.05-500654.5,RXS-J00057-5007,0.0333,COS,COS,,,,-286.1411570333448,66.50684415275748,3
2,J000547.55+020302.1,LBQS0003+0146,0.233371515304252,FOS,,1,1,256,,,2
3,J000559.22+160949.0,ICRF J000559.2+160949,0.4504,COS/FOS,,,1,,,,2
4,J000619.50+201210.1,Mrk 335,0.025418,COS/FOS/STIS,FOS,,1,12,-78.78126855460229,80.70497435749922,3
5,J001031.01+105829.5,Mrk 1501,0.08934,COS/FOS,,,,8,,,0
6,J001224.01-102226.3,2MASX J00122399-1022269,0.2287656532346176,COS/STIS,,1,,256,,,1
7,J002019.22-110609.2,PB 8142,0.4924766666950629,STIS,,2,,256,,,2
8,J002025.06+022625.2,LBQS0017+0209,0.4021788710946813,FOS,,2,1,256,,,2
9,J002038.01+284230.8,QSO0020+287,0.5144468180121746,FOS,,2,,,,,1
10,J002204.89-012847.9,LBQS 0019-0145B,1.042726968772407,STIS,,2,,,,,
11,J002913.71+131603.8,LEDA 1790,0.1451,COS/FOS/STIS,,,1,9,,,1
12,J003620.92+453953.2,Z 535-12,0.047643,COS,,,,,-286.1,202.58,3
13,J003623.00+431640.1,LEDA 3095439,0.12,COS,,,,,-493.6,117.99,3
14,J003915.81-511702.1,2MASX-J00391586-5117013,0.029,COS/FOS,COS,,1,,404.4969925394556,22.670942111031714,2
15,J004342.46+372519.1,LEDA 2100384,0.08,COS,,,,,,,
16,J004354.98+423430.2,2MASS J00435499+4234302,0.191,COS,,,,,266.5,208.99,3
17,J004458.78+102652.8,MC0042+101,0.5857,FOS,,,1,,-217,359.2,3
18,J004705.90+031954.9,87GB 004432.0+030343,0.6231,COS/FOS,,,1,,,,2
19,J004818.98+394111.6,ZTF J004818.97+394111.8,0.135,COS,,,,,197.5,25.73,3
20,J005050.74+353643.0,2MASS J00505073+3536429,0.058,COS,,,,,,,1
21,J005154.75+172558.4,Mrk 1148,0.064,COS,,,,,266.5,1022.68,3
22,J005334.97+124136.2,Mrk 1502,0.0605,COS/FOS/STIS,,,1,,,,
23,J005346.14+223222.2,2MASS J00534614+2232224,0.1477439224844126,COS,,1,,256,,,0
24,J005452.13+252539.0,LEDA 3237,0.1543,COS/FOS/STIS,,,1,9,,,2
25,J005709.94+144610.1,[OKM2018] SWIFT J0056.9+1472,0.1718091498586923,COS/FOS,,1,,256,,,
26,J005720.03-222256.2,TON-S180,0.062,STIS,,,1,,611.4,18.13,3
27,J005953.30+314937.1,Mrk 352,0.01486,COS,,,,,,,0
28,J010027.10-511354.1,LEDA 3095485,0.062817,COS/STIS,,,,,,,3
29,J010312.96+022110.3,LBQS 0100+0205,0.3938332691580054,COS/FOS,,2,1,256,,,
30,J010737.04-001911.8,0107-0019,0.7379901791928926,STIS,,2,,384,,,2
31,J011056.92+001911.5,QSO J0110+0019,0.8062830165193169,STIS,,2,,,,,1
32,J011324.21+295815.8,B20110+29,0.3625039458420198,FOS,,2,,,,,1
33,J011818.49+025805.7,0115+027,0.6671563257126756,FOS,,2,,256,,,2
34,J012151.53-282057.8,Ton S 210,0.116,COS/STIS,,,,,,,1
35,J012345.74-584820.8,ESO 113-45,0.045859,COS/FOS/STIS,FOS,,1,8,-78.78126855460229,191.5907563412009,3
36,J012528.82-000555.9,QSO J0125-0006,1.073209199638118,COS/FOS,,2,,,,,2
37,J013416.80-425827.0,RXJ0134-42,0.237,FOS,,,1,,3356.2,1.56,3
38,J013738.30-243053.9,ICRF J013738.3-243053,0.835,STIS,,,1,,-355.3,31.79,3
39,J013955.77+061922.8,2MASS J01395577+0619225,0.3963243714693187,STIS,,2,,,,,2
40,J013957.27+013146.3,PHL1093,0.26,FOS,,,1,,-1047.7,269.07,3
41,J015249.68+002314.7,0152+0023,0.5893996319847848,STIS,,2,,384,,,2
42,J015318.14+000911.5,QSO J0153+0009,0.8371579292878569,STIS,,2,,256,,,2
43,J015530.02-085704.0,2MASS J01553002-0857040,0.1649267928357659,COS/STIS,,1,,256,,,1
44,J015536.02+311517.9,LEDA 3095555,0.1337249806307565,COS,,1,,,,,2
45,J015950.25+002341.0,Mrk 1014,0.1627878673997119,COS/STIS,,1,,256,,,0
46,J020157.17-113233.3,ICRF J020157.1-113233,0.6713,COS/FOS,,,1,,,,2
47,J020615.99-001729.2,Mrk 1018,0.04261,COS/FOS,COS,,,,-355.2804811936978,389.8825551080064,2
48,J021225.56+010056.1,PB 6739,0.5124950634903213,COS,,2,,256,,,0
49,J021433.57-004600.2,NGC 863,0.026385,COS,COS,,,8,-78.78126855460229,225.04952557288865,3
50,J021707.66+110409.5,PKS0214+10,0.408,FOS,,,1,,266.5,83.97,3
51,J022014.57-072859.2,2MASS J02201457-0728591,0.2137721031735916,COS,,1,,256,,,1
52,J023005.49-085953.1,Mrk 1044,0.0161,COS/STIS,COS/STIS,,,12,197.48560807496355,80.01236049759146,3
53,J023322.32+275613.1,Mrk 1179,0.037599,COS,,,,,,,0
54,J023437.85-084716.7,NGC 985,0.04271,COS/STIS,COS,,,,-9.680667062489581,87.11115651379748,2
55,J024309.60-721648.4,LEDA 10293,0.102,COS,,,,,404.5,43.31,3
56,J025316.46+010759.7,QSO B0250+0055,1.032385907165622,STIS,,2,,256,,,1
57,J025616.50-012637.6,0253-0138,0.8793399655676271,FOS,,2,,256,,,2
58,J030735.47-725002.5,ESO 31-8,0.027619,COS,,,,,,,0
59,J031027.80-004950.8,LEDA 138607,0.0804266222243994,COS,,1,,256,,,1
60,J031948.15+413042.2,3C 84,0.0175,COS/FOS,,,1,,,,0
61,J035128.57-142908.4,3C 95,0.616,COS/FOS,,,1,,,,2
62,J035230.55-071102.3,2MASSI J0352305-071102,0.9658738719295776,COS/FOS,,2,,,,,1
63,J040533.97-130814.0,PKS0403-13,0.5705,FOS,,,1,,,,3
64,J041716.71-055345.8,3C110,0.7744,FOS,,,1,,-701.3,65.8,3
65,J042000.54-545614.2,NGC1566-NUC,0.0051,FOS,,,1,,,,0
66,J042315.78-012033.9,PKS0420-01,0.915,FOS/STIS,,,1,,,,2
67,J042600.77-571201.1,LB 1727,0.104,COS,,,,,59.4,93,3
68,J043311.02+052115.6,3C 120,0.033,LWP/LWR/SWP,,,,16,,,1
69,J043829.19-614758.9,LEDA 3095694,0.069001,COS,,,,,,,
70,J044117.30-431343.9,QSO J0441-4313,0.5938,COS/FOS/STIS,,,1,,,,2
71,J044428.77+122111.7,IRAS04416+1215,0.0892256129861164,COS,,1,,396,,,0
72,J045230.04-295335.3,IR0450-2958,0.2855,FOS,,,1,,955.9,43.3,3
73,J045608.90-215909.3,J04561-2159,0.5346,COS/FOS/STIS,,,1,,,,0
74,J051611.50-000859.2,AKN120,0.0323,FOS/STIS,,,1,8,,,0
75,J051949.64-454643.9,Pic A,0.035,FOS/STIS,FOS,,1,,266.5087642305957,244.99747499384358,3
76,J055453.67+462622.4,MCG8-11-11,0.0205,LWP/LWR/SWP,,,,16,,,1
77,J062307.69-643620.7,QSO J0623-6436,0.129,COS,,,,,-770.5,84,3
78,J063002.61+690503.1,QSO B0624+6907,0.3702,FOS/STIS,,,1,,,,3
79,J063546.66-751616.6,QSO J0635-7516,0.651,COS/FOS,,,1,,,,2
80,J065212.33+742535.4,MKN 6,0.0188,LWR/SWP,,,,16,,,1
81,J065938.13+541147.6,MKN 374,0.0426,LWP/SWP,,,,16,,,1
82,J070841.47-493307.1,LEDA 88588,0.0408,STIS,STIS,,1,,2466.90502620236,14.815648697168434,3
83,J074110.69+311159.8,ICRF J074110.7+311200,0.6319561457647479,FOS/STIS,,2,,256,,,
84,J074352.02+271239.4,ATO J115.9667+27.2109,0.2527472175168159,STIS,,1,,264,,,1
85,J074417.47+375316.9,3C186,1.068358360056554,FOS,,2,,,,,1
86,J074541.70+314255.6,FBQSJ074541.6+314256,0.4613060573299271,FOS,,2,1,256,,,2
87,J075051.72+245409.4,2MASS J07505172+2454095,0.4002136667185859,STIS,,2,,392,,,1
88,J075101.42+291419.1,ATO J117.7559+29.2386,0.1210142853943256,COS,,1,,396,,,1
89,J075537.05+254238.5,OI-287,0.444415694712746,FOS,,2,,256,,,1
90,J075620.07+304535.4,[VV2006] J075620.1+304535,0.2357046557050597,COS,,1,,256,,,0
91,J080101.41+184840.8,2MASS J08010140+1848409,0.1402260052859415,COS/STIS,,1,,388,,,1
92,J080131.59+354436.3,2MASS J08013157+3544362,0.1788997738249112,COS,,1,,388,,,1
93,J080422.61+192638.7,2MASS J08042265+1926386,0.2786677653299724,COS,,1,,256,,,1
94,J081058.59+760241.8,2MASS J08105865+7602424,0.1,COS/STIS,,,,9,,,2
95,J081336.03+481302.4,3C 196,0.870798811921011,FOS/STIS,,2,,256,,,1
96,J081735.07+223717.7,7C 081438.10+224634.00,0.9816571523524804,COS,,2,,256,,,
97,J082024.21+233450.4,QSO J0820+2334,0.4702859377768876,COS/STIS,,2,,256,,,2
98,J082658.85+061142.6,2MASS J08265888+0611428,0.4960378108732581,STIS,,2,,384,,,1
99,J083052.09+241059.5,ICRF J083052.0+241059,0.942441182201089,FOS/STIS,,2,,256,,,1
100,J083148.85+042939.2,OJ 49,0.1738,LWR/SWP,,1,,,,,
101,J083315.21+100052.3,J0833+1005-OFFNUCLEUS,0.2545035414000451,COS,,1,,,,,1
102,J083332.92+164411.0,2MASS J08333293+1644110,0.4606448838511962,STIS,,2,,256,,,1
103,J083510.36+035901.1,[VV2006] J083510.4+035901,0.4922651470899501,STIS,,2,,256,,,1
104,J083553.46+055317.1,2MASS J08355346+0553171,0.2050768372364957,COS,,1,,392,,,1
105,J083658.92+442601.6,US 1329,0.2542,SWP,,1,,,,,
106,J084047.56+131223.6,3C207,0.6797683519885304,FOS,,2,1,256,,,2
107,J084349.75+261910.7,2MASS J08434975+2619106,0.2564214449372359,COS,,1,,384,,,0
108,J084445.26+765309.4,MCG+13-07-002,0.132302,COS,,,,,818.1,36.57,3
109,J084533.29+474934.5,2MASS J08453328+4749345,0.3022557428196653,STIS,,1,,392,,,2
110,J084742.47+344503.9,Ton 951,0.064,COS/FOS/STIS,,,,9,,,1
111,J085053.11+445122.4,US 1766,0.5423139383047447,COS,,2,,256,,,1
112,J085116.14+424328.8,US 1786,0.481937232999726,COS/STIS,,2,,256,,,1
113,J085259.22+031320.6,2MASS J08525922+0313207,0.3001248307869056,COS,,1,,256,,,0
114,J085334.22+434901.8,US 1867,0.5148567601522849,COS/FOS,,2,1,256,,,2
115,J085946.35+274534.8,2MASSI J0859463+274534,0.2441690756959724,STIS,,1,,384,,,2
116,J090631.86+164612.2,3C215,0.4113,FOS,,,1,,-9.7,154.24,3
117,J090916.08+163522.5,LB 9388,1.072072563143889,COS,,2,,,,,1
118,J090933.52+425347.0,3C216-0,0.6699145822454888,FOS,,2,,256,,,0
119,J091009.93+481341.5,Q 0906+484,0.1173,LWP/SWP,,1,,,,,
120,J091029.75+101413.5,QSO J0910+1014,0.4633149219110179,COS,,2,,256,,,0
121,J091440.38+282330.6,QSO J0914+2823,0.735609436319563,COS,,2,,256,,,0
122,J091451.42+421956.9,2MASS J09145142+4219570,0.5503062464265024,STIS,,2,,256,,,1
123,J091825.98+161818.9,MKN 704,0.0286,LWP/LWR/SWP,,,,20,,,1
124,J091848.61+211717.0,2MASSI-J091848.6+211717,0.1494941623197378,STIS,,1,,384,,,0
125,J091955.35+552137.4,Mrk 106,0.12314997798642,COS,,1,,256,,,
126,J091957.69+510610.0,NGC2841UB3,0.5569443329622199,FOS,,2,1,256,,,1
127,J092159.39+450912.3,2MASS J09215939+4509126,0.2349403549032422,COS,,1,,256,,,0
128,J092245.11+303258.3,2MASS J09224506+3032585,0.2872066210280395,COS,,1,,256,,,0
129,J092512.87+521710.7,Mrk 110,0.03529,COS/STIS,COS,,,8,-78.78126855460229,368.52083999458125,2
130,J092554.71+195405.0,Ton 1057,0.1897071691256025,COS,,1,,256,,,1
131,J092703.04+390220.9,J09270+3902,0.6950468576134012,FOS,,2,1,256,,,
132,J092837.98+602521.0,SBSG 0924+606B,0.2957152827083427,COS,,1,,256,,,
133,J093302.68+385228.0,LEDA 3095876,0.1772697001326776,COS,,1,,392,,,1
134,J093502.52+433110.6,US 737,0.4585393208024262,STIS,,2,,256,,,1
135,J093653.86+533126.8,QSO J0936+5331,0.2276375633570726,COS/STIS,,1,,,,,0
136,J093701.05+010544.0,PG 0934+0119,0.0503,SWP,,,,16,,,
137,J093922.90+370943.9,2MASS J09392289+3709438,0.1862369895060334,COS,,1,,388,,,1
138,J094331.61+053131.4,QSO J0943+0531,0.5660869262457968,COS,,2,,256,,,2
139,J094603.94+013923.7,2MASS J09460395+0139235,0.2196892987832372,COS/STIS,,1,,256,,,0
140,J094733.21+100508.8,LEDA 3095898,0.1393702916149249,COS,,1,,256,,,2
141,J094745.09+072520.1,3C 227,0.0862,LWR/SWP,,1,,,,,
142,J094941.10+295518.8,PG0946+301,1.223437764749421,FOS/STIS,,2,,,,,1
143,J095036.75+512838.0,2MASS J09503674+5128382,0.2143385964407526,COS,,1,,256,,,1
144,J095048.37+392650.9,LEDA 2149945,0.2059008465834214,COS/FOS/STIS,,1,1,256,,,2
145,J095632.48+512823.7,[VV2006] J095632.5+512824,0.7141354909228184,STIS,,2,,256,,,
146,J095652.38+411522.4,PG0953+415,0.2347,COS/FOS/STIS,,,1,9,,,1
147,J095738.16+552257.6,4C55-17,0.8994548748714215,FOS,,2,,256,,,2
148,J095820.99+322401.9,Ton 469,0.5300183756985366,COS/FOS/STIS,,2,1,384,,,0
149,J100017.66+000523.1,4C 00.34,0.905131257489342,STIS,,2,,,,,2
150,J100054.96+262242.4,2MASS J10005499+2622423,0.506057516827396,STIS,,2,,384,,,1
151,J100306.80+681317.4,0959+68W1,0.7713587521779437,FOS,,2,,256,,,2
152,J100402.61+285535.1,Ton 28,0.3270439904371061,COS/FOS/STIS,,1,1,392,,,2
153,J100420.13+051300.3,LEDA 29208,0.1612385044965225,COS/FOS,,1,1,384,,,1
154,J100445.73+222519.0,PKS1001+22,0.9804830875588424,FOS,,2,,,,,2
155,J100514.21+530240.0,2MASS J10051419+5302398,0.5624120032253861,COS,,2,,384,,,0
156,J100532.72-241716.1,LEDA 82580,0.154,COS,,,,,,,1
157,J100555.36-230324.6,ESO 499-41,0.012816,COS,,,,,,,0
158,J100726.10+124856.1,4C 13.41,0.2404609320966504,COS/STIS,,1,,256,,,1
159,J100744.55+500746.6,2MASS J10074455+5007467,0.2118716093544684,COS,,1,,256,,,2
160,J100902.06+071343.8,QSO J1009+0713,0.4563098405536901,COS,,2,,256,,,0
161,J101000.69+300321.8,Ton 488,0.2562046014752111,COS/STIS,,1,,392,,,1
162,J101027.50+413239.0,4C41.21,0.6125954166688069,FOS,,2,1,256,,,3
163,J101152.97+544206.4,2MASS J10115298+5442063,0.2461937341259831,COS,,1,,,,,0
164,J101420.67-041840.4,QSO B1011-040,0.058314,COS,,,,,335.5,31.88,3
165,J101622.61+470643.3,QSO J1016+4706,0.8226163599706675,COS,,2,,,,,1
166,J101932.86-032014.9,Mrk 1253,0.049986,COS,,,,,818.1,407,3
167,J102152.33+464515.6,2MASS J10215235+4645158,0.204389520172524,COS,,1,,256,,,1
168,J102330.56+195153.7,NGC 3227,0.0039,COS/STIS,COS/STIS,,1,8,404.4969925394556,175.4494254240577,3
169,J102339.65+523349.6,2MASS J10233966+5233496,0.1356801793143951,COS,,1,,384,,,1
170,J102531.28+514034.8,Mrk 142,0.04494,STIS,STIS,,,140,335.5125590520637,60.86362266122486,3
171,J102839.11+450009.4,QSO J1028+4500,0.5842076836706303,COS,,2,,256,,,0
172,J102847.01+391800.4,[VV98] J102847.0+391758,0.4725085969907454,COS,,2,,256,,,0
173,J103059.09+310255.6,ICRF J103059.0+310255,0.1777851648275505,COS/FOS,,1,1,256,,,1
174,J103320.65+274024.2,2MASS J10332064+2740242,0.5366955333305911,STIS,,2,,256,,,1
175,J103928.14+392342.1,[VV2006] J103928.1+392342,1.011391276998836,COS,,2,,,,,1
176,J104231.12+221300.4,2MASS J10423110+2213003,1.006926431853759,COS,,2,,256,,,1
177,J104733.39-004700.8,QSO J1047-0047,0.7410666405695336,STIS,,2,,256,,,3
178,J104839.39+442821.0,[VV2006] J104839.4+442820,0.9990412132972248,COS,,2,,,,,1
179,J105143.89+335926.7,QSO B1048+342,0.1670992347924374,COS/STIS,,1,,257,,,1
180,J105151.47-005117.8,PG 1049-005,0.3600537624415858,COS/FOS/STIS,,2,1,256,,,2
181,J105232.85+612520.5,4C61.20,0.4211027940391447,FOS,,2,1,256,,,2
182,J105440.96-002048.7,QSO B1052-0004,1.019575578495305,STIS,,2,,256,,,2
183,J105817.89+195150.7,PKS1055+20,1.114953577665657,FOS,,2,,,,,1
184,J110047.88+104611.4,4C 10.30,0.4226,LWP,,2,,,,,0
185,J110413.80+765858.1,[OKM2018] SWIFT J1104.8+7689,0.3116,FOS/STIS,,,1,1,,,1
186,J110539.79+342534.4,Ton 1329,0.5099321361945791,COS,,2,,256,,,0
187,J110631.75-005253.2,QSO B1103-006,0.4269242330231856,FOS/STIS,,2,,,,,1
188,J110647.50+723406.9,NGC 3516,0.0088,COS/FOS/STIS,COS/FOS/STIS,,1,8,404.4969925394556,174.26955285528177,3
189,J110715.00+162802.3,MC1104+167,0.6303065240905434,FOS,,2,1,256,,,2
190,J110936.35+005110.7,QSO J1109+0051,0.9588849842035948,STIS,,2,,,,,1
191,J111054.91+004853.7,2QZ J111054.9+004853,0.7616487922652773,STIS,,2,,384,,,1
192,J111138.65+575030.0,2MASS J11113865+5750298,0.4655455634926327,STIS,,2,,384,,,2
193,J111239.11+353928.2,QSO J1112+3539,0.6360058726998556,COS,,2,,256,,,0
194,J111438.70+403720.1,3C254,0.7348010249544691,FOS,,2,1,256,,,1
195,J111706.29+441334.0,LEDA 34449,0.1436504058603245,FOS/STIS,,1,1,256,,,2
196,J111830.31+402554.3,LEDA 34570,0.1542077342911927,COS/FOS,,1,1,256,,,2
197,J111857.70+580323.8,Z 291-51,0.028107,STIS,STIS,,,8,-9.680667062489581,218.22007007173684,3
198,J111905.33+592514.0,2MASS J11190530+5925140,0.2898494716185003,COS,,1,,256,,,1
199,J111908.68+211918.0,Ton 1388,0.1754931152427492,COS/FOS/STIS,,1,1,256,,,2
200,J111916.13+110107.0,2MASS J11191611+1101069,0.3938676883145244,COS,,2,,256,,,0
201,J111941.12+595108.6,RX J1119.7+5951,0.4874069076444123,STIS,,2,,384,,,1
202,J112114.04+032546.9,SDSSJ112114.22+032546.7,0.152138166098905,COS,,1,,128,,,1
203,J112129.75+123617.0,MC1118+12,0.6830295641090576,FOS/STIS,,2,,256,,,2
204,J112224.14+031802.6,QSO J1122+0318,0.4751962607956035,COS/STIS,,2,,256,,,1
205,J112317.52+051804.0,[VV2006] J112317.5+051804,1.001491752877977,COS,,2,,,,,1
206,J112439.18+420145.0,2MASS J11243917+4201450,0.2251139627299986,COS/FOS,,1,1,256,,,2
207,J112536.15+542257.0,Mrk 40,0.0211,STIS,STIS,,,10,-9.680667062489581,733.3958107371818,3
208,J112553.81+591021.5,SBSG 1123+594A,0.8540186436278705,COS/FOS/STIS,,2,,,,,0
209,J112614.93+310146.6,LB 10193,0.4958102286884514,STIS,,2,,256,,,1
210,J112736.38+265450.4,LB 10203,0.3794773916728525,COS/FOS,,2,,384,,,0
211,J112916.72-042407.4,Mrk 1298,0.06,COS,,,,,,,1
212,J113002.99+602628.5,Q1130+6026,0.3741450071609884,COS,,2,,256,,,0
213,J113137.16+155645.3,RX J1131.6+1557,0.182958699925627,COS,,1,,384,,,0
214,J113327.78+032719.1,QSO J1133+0327,0.5247866998371344,COS/STIS,,2,,256,,,1
215,J113330.30+105223.0,1130+106Y,0.5106034913646944,FOS,,2,,256,,,1
216,J113504.90-031852.4,LBQS1132-0302,0.236,FOS,,,1,,1712.3,20,3
217,J113709.50+390724.0,QSO J1137+3907,1.029586952614159,STIS,,2,,256,,,1
218,J113901.71-374418.9,NGC 3783,0.0095,COS/FOS/STIS,FOS,,1,8,59.38121176138286,108.81513635567126,3
219,J113910.70-135043.5,Crt A,0.5562,COS/FOS,,,1,,,,2
220,J113923.66+002301.6,[VV2000] J113923.7+002301,0.4721621210325112,STIS,,2,,256,,,1
221,J113957.03+654749.3,ICRF J113957.0+654749,0.6465,COS/FOS,,,1,,,,1
222,J114121.70+014803.3,LBQS1138+0204,0.3819158249060606,FOS,,2,1,256,,,1
223,J114718.03-013207.6,LBQS1144-0115,0.3820187531289211,FOS,,2,1,256,,,1
224,J114847.87+105459.2,MC1146+111,0.8619548042232137,FOS,,2,,256,,,1
225,J114931.75+223028.3,2MASS J11493175+2230285,0.9621238172597052,COS,,2,,,,,1
226,J115120.44+543732.9,LB 2126,0.9767036167678352,COS/FOS,,2,,,,,1
227,J115324.46+493108.6,LB2136,0.3334989960602603,FOS,,1,1,256,,,1
228,J115346.15+561935.2,LEDA 3096080,0.1291216814377574,COS,,1,,128,,,1
229,J115349.12+112830.1,PG 1151+117,0.176,LWP/SWP,,1,,,,,
230,J115449.43+013443.5,QSO J1154+0134,0.4694367069366986,COS,,2,,256,,,0
231,J115518.28+193942.4,CLASS-B1152+199-ABS01,1.018821761179819,COS/STIS,,2,,256,,,1
232,J115758.72-002220.8,2MASS J11575874-0022208,0.2601715363224793,COS,,1,,256,,,1
233,J115839.91+625428.4,J11586+6254,0.5925190845721021,FOS,,2,1,256,,,1
234,J115926.20+210656.1,TEX1156+213,0.3473328776538936,FOS,,1,1,256,,,2
235,J115931.87+291443.5,4C29.45,0.7246915169254025,FOS,,2,,256,,,1
236,J120114.34-034041.0,Mrk 1310,0.01956,STIS,STIS,,,8,197.48560807496355,1179.334821572151,3
237,J120309.62+443152.7,NGC-4051,0.002336,COS/STIS,,,,8,,,0
238,J120442.17+275411.8,LEDA 38224,0.1653512357998014,COS/FOS,,1,1,257,,,1
239,J121032.53+392420.8,NGC4151,0.00332,FOS/STIS,FOS/STIS,,,8,335.5125590520637,166.79164363195497,3
240,J121044.09+164533.0,SDSS J121044.09+164533.1,0.2164566400897719,COS,,1,,256,,,1
241,J121401.34+404822.9,2MASS J12140133+4048233,0.2769524597484584,COS,,1,,384,,,0
242,J121417.66+140312.4,PB 3894,0.0811,COS/FOS/STIS,,,1,9,,,2
243,J121417.95+293144.2,WAS 49,0.0633,SWP,,1,,,,,
244,J121509.21+330955.2,Ton 1480,0.6158108315502357,FOS/STIS,,2,,256,,,2
245,J121649.06+174804.4,Q1214+1804,0.3733307764234906,FOS,,2,,256,,,2
246,J121826.51+294846.3,NGC 4253,0.0124,STIS,STIS,,1,8,-78.78126855460229,116.93610346400472,3
247,J121920.95+063838.4,PG 1216+069,0.3322,COS/FOS/STIS,,,1,,,,2
248,J122011.88+020341.5,Q 1217+023,0.2402,LWP/SWP,,1,,,,,
249,J122039.35+171820.7,87GB 121807.5+173455,0.4433122496293902,COS,,2,,384,,,0
250,J122108.93+422839.2,2MASS J12210891+4228388,0.2881621507280459,COS,,1,,384,,,0
251,J122144.09+751838.0,Mrk 205,0.0711,FOS/STIS,,,1,,,,1
252,J122324.14+024044.4,Mrk 50,0.0234,STIS,STIS,,,10,-147.88187004671502,168.3179590446759,3
253,J122503.21+162406.7,LBQS 1222+1640,0.5493114487048737,COS,,2,,256,,,0
254,J122534.79-024757.1,2MASS J12253479-0247571,0.1954394957730914,COS,,1,,256,,,1
255,J122548.87+333248.8,NGC4395,0.0008,COS/FOS/STIS,COS/FOS/STIS,,1,8,-78.78126855460229,314.37886611531724,3
256,J122558.44-005226.7,QSO J1225-0052,0.9636067293003566,STIS,,2,,,,,1
257,J122906.70+020308.0,3C 273,0.1583,COS/FOS/STIS,,,1,9,,,1
258,J123050.01+011521.5,2MASS J12305003+0115226,0.117,COS/STIS,,,,,,,1
259,J123200.02-022405.8,Q1229-0207,1.04259567632235,COS/FOS/STIS,,2,,,,,2
260,J123203.61+200929.5,Mrk 771,0.064,COS/STIS,,,,9,,,0
261,J123235.82+060309.9,2MASS J12323582+0603098,0.083473,COS,,,,,,,1
262,J123304.05-003134.1,LBQS 1230-0015,0.4716400520987808,COS,,2,,256,,,0
263,J123325.79+093123.2,LBQS1230+0947,0.4159893726063489,FOS,,2,1,256,,,2
264,J123734.47+444731.7,[VV2006] J123734.4+444731,0.461239247122457,COS/STIS,,2,,256,,,1
265,J123820.19+175038.9,LBQS 1235+1807,0.4534610520264962,STIS,,2,,256,,,1
266,J123939.45-052039.0,NGC 4593,0.009,STIS,STIS,,,10,749.2255466349936,183.41700582201793,3
267,J124154.02+572107.3,QSO J1241+5721,0.584523031560963,COS,,2,,256,,,0
268,J124210.60+331702.6,IRASF12397+3333,0.043513,COS,,,,140,,,0
269,J124659.27+312619.6,2MASS J12465925+3126196,0.2767042894828003,COS,,1,,256,,,0
270,J125025.54+301639.7,B21248+30,1.0606118009282,FOS,,2,,,,,2
271,J125048.30+395139.5,QSO B1248+401,1.035992245265798,COS/FOS,,2,,,,,1
272,J125142.28+240435.2,2MASS J12514225+2404355,0.188207138877108,COS/STIS,,1,,256,,,1
273,J125212.30-132451.7,IR1249-13,0.0146,LWP/SWP,,,,16,,,1
274,J125226.27+563420.7,2E 2879,0.3199889175596515,FOS/STIS,,1,1,256,,,1
275,J125415.55+480850.6,[VV96] J125415.5+480850,0.5026702821830085,STIS,,2,,256,,,1
276,J125438.20+114106.1,PKS1252+11,0.8750498488432586,FOS,,2,1,,,,2
277,J125547.61+401230.8,2MASS J12554763+4012302,1.087057170307751,COS,,2,,,,,1
278,J125614.18+565224.9,Mrk 231,0.04147,COS/FOS/STIS,COS,,,,2603.886465136709,12.065441224740251,2
279,J125659.90+042734.0,PG1254+047,1.028873542691621,FOS,,2,,,,,1
280,J130036.22+134705.7,LEDA 1440438,0.1422236107727236,COS,,1,,384,,,1
281,J130112.92+590206.8,PG1259+593,0.4761056550203191,COS/FOS/STIS,,2,1,256,,,2
282,J130422.88+205510.3,2MASS J13042289+2055107,0.2822847917674421,COS,,1,,256,,,0
283,J130532.99-103319.8,ICRF J130533.0-103319,0.2783,COS/FOS/STIS,,,1,,,,2
284,J130534.48+181932.9,2MASX J13053451+1819328,0.1178946587914367,COS/STIS,,1,,256,,,1
285,J130753.95+064214.1,3C281,0.6017533501626714,FOS,,2,1,256,,,2
286,J130829.71+300539.1,1306+3021,0.8094234182920599,FOS,,2,,256,,,1
287,J130947.01+081948.3,LEDA 45656,0.1544022990126218,COS/FOS/STIS,,1,1,265,,,2
288,J131028.63+322043.3,PKS 1308+326,0.9946,LWP/LWR/SWP,,2,,,,,
289,J131217.74+351520.8,Ton 1565,0.1829260552701501,COS/FOS,,1,1,257,,,1
290,J131305.73-110743.5,PG1310-1051,0.0343,SWP,,,,4,,,1
291,J131426.50+020114.3,Q1311+0217,0.3072050494185137,FOS,,1,,384,,,2
292,J131627.84+315825.6,PB 3456,0.463691899536254,STIS,,2,,256,,,1
293,J131907.82+271828.0,PB 3493,0.2838798897818679,COS,,1,,256,,,0
294,J131946.25+514806.2,1317+5203,1.054859817444746,FOS,,2,,,,,2
295,J131950.29-015804.5,LBQS1317-0142,0.225,FOS,,,1,,1162.4,35.39,3
296,J131956.27+272808.3,Ton 153,1.016481261089158,COS/FOS,,2,,,,,1
297,J132059.41+295728.1,2MASS J13205941+2957282,0.2062562995478283,COS,,1,,256,,,0
298,J132115.79+284719.6,TON156,0.5496371458213126,FOS,,2,,256,,,1
299,J132144.96+033055.7,ATO J200.4373+03.5154,0.2685675796918334,COS,,1,,256,,,1
300,J132320.54+291007.0,TON157,0.9718249091051288,FOS,,2,,,,,1
301,J132349.50+654148.2,PG1322+659,0.1674,FOS/STIS,,,1,1,,,
302,J132519.25-382453.9,LEDA 88835,0.0667,COS/STIS,,,1,,,,2
303,J132921.74+144431.2,SDSS J132921.75+144431.2,0.982568635579821,COS,,2,,,,,
304,J133045.15+281321.4,2MASS J13304515+2813216,0.4171968473498484,COS,,2,,256,,,0
305,J133108.29+303032.8,3C 286,0.8495430998896137,FOS/STIS,,2,,256,,,2
306,J133553.77-341744.7,MCG-6-30-15,0.0075,LWP/LWR/SWP,,,,16,,,1
307,J133602.00+172512.9,PG1333+176,0.5527732016129306,FOS,,2,,256,,,1
308,J134113.93-005315.0,LBQS-1338-0038,0.2367316779315824,COS,,1,,256,,,1
309,J134208.47+353913.7,NGC 5273,0.0036,LWP/SWP,,,,16,,,1
310,J134213.24+602142.8,3C 288.1,0.9628518226516242,FOS/STIS,,2,,,,,1
311,J134246.24-003544.1,LBQS 1340-0020,0.7867421695036091,STIS,,2,,256,,,1
312,J134251.60-005345.4,LBQS 1340-0038,0.3269400977285094,COS/FOS,,1,,256,,,2
313,J134356.72+253847.5,Ton 730,0.086539683507218,COS/STIS,,1,,256,,,
314,J134617.55+622045.3,6C 134441+623604,0.1164308027393893,COS/STIS,,1,,256,,,0
315,J134701.53+215401.1,2MASS J13470152+2154008,0.5022094289925365,STIS,,2,,256,,,1
316,J134844.76+024949.0,[VV2006] J134844.8+024948,1.044319055875876,COS,,2,,,,,
317,J134848.31+262219.7,QSO1348+263,0.5959381387080663,FOS,,2,,256,,,1
318,J134919.21-301833.8,IC 4329A,0.016,LWR/SWP,,,,16,,,1
319,J135303.42+691829.5,Mrk 279,0.030451,COS/STIS,STIS,,,10,-78.78126855460229,105.30158840875319,3
320,J135315.83+634545.5,PG1351+640,0.0882,COS/FOS/STIS,,,1,1,,,1
321,J135435.66+180517.5,PB 4142,0.1509130171767141,COS/FOS,,1,1,256,,,2
322,J135516.55+561244.6,LEDA 2816068,0.1218034353514376,COS,,1,,384,,,1
323,J135704.46+191907.0,[OKM2018] SWIFT J1357.0+1929,0.7196077067036691,COS/FOS,,2,1,256,,,
324,J135712.60+170444.0,2MASS J13571260+1704439,0.1509047488583722,COS,,1,,256,,,1
325,J135900.18-415252.8,QSO B1355-4138,0.3145,COS/FOS,,,1,,,,1
326,J140023.10+433852.0,PB 1154,1.125772921842728,COS,,2,,,,,
327,J140251.19+263117.5,ZTF J140251.20+263117.6,0.1877570936158482,COS,,1,,256,,,
328,J140331.29+462804.8,CSO 606,0.4592440194679221,STIS,,2,,256,,,2
329,J140410.61+093745.8,1401+0951,0.4377786544007207,FOS,,2,,256,,,2
330,J140438.84+432707.0,IR1402+43,0.3236599626310497,FOS,,1,,256,,,
331,J140516.21+255533.6,PG1402+261,0.1633,FOS/STIS,,,1,1,,,2
332,J140518.02+531530.0,RM720,0.4679143181185927,STIS,,2,,272,,,2
333,J140621.89+222346.7,PG1404+226,0.098618442998925,FOS/STIS,,1,1,257,,,1
334,J140700.40+282714.6,OQ208,0.0764120605669926,FOS,,1,,256,,,1
335,J141004.27+523141.0,RM305,0.5268654484508013,STIS,,2,,272,,,1
336,J141018.04+532937.4,RM229,0.4699624136891457,STIS,,2,,272,,,1
337,J141041.25+531848.9,RM160,0.3591800968828488,STIS,,2,,272,,,1
338,J141112.71+534507.1,RM267,0.5876903758638382,STIS,,2,,272,,,1
339,J141115.18+515208.9,RM622,0.5714794870408313,STIS,,2,,272,,,1
340,J141123.42+521331.7,CXOMP J141123.4+521331,0.4720930256692396,STIS,,2,,272,,,2
341,J141202.87+522026.0,[HB91] 1410+525,0.4226841326747823,STIS,,2,,400,,,
342,J141214.19+532546.7,RM101,0.4576771273079948,STIS,,2,,272,,,1
343,J141308.10+515210.4,RM822,0.2885116067353971,STIS,,1,,400,,,1
344,J141318.95+543202.3,RM782,0.3630632535664089,STIS,,2,,272,,,2
345,J141348.31+440013.6,LEDA 50824,0.089,COS/FOS,,,,9,,,1
346,J141625.70+535438.5,2MASS J14162560+5354386,0.2629867801421608,STIS,,1,,272,,,2
347,J141645.15+542540.7,RM840,0.2439194164670547,STIS,,1,,272,,,1
348,J141700.84+445606.2,LEDA 51016,0.1138140055114756,COS/FOS/STIS,,1,1,257,,,2
349,J141706.67+514340.0,RM694,0.5324341333055009,STIS,,2,,400,,,1
350,J141720.29+514032.2,RM746,0.6826971739085261,STIS,,2,,400,,,1
351,J141724.59+523024.8,3XMM J141724.5+523025,0.4820421700226696,STIS,,2,,272,,,1
352,J141729.27+531826.5,RM790,0.2375168771118837,STIS,,1,,272,,,1
353,J141759.54+250812.4,NGC 5548,0.0168,COS/FOS/STIS,FOS,,1,8,-9.680667062489581,244.95947475898134,3
354,J141830.20+522212.4,SDSS J141830.20+522212.4,0.8208482614373188,STIS,,2,,272,,,2
355,J141903.90-131044.8,PG1416-129,0.1294,FOS,,,1,,197.5,353.7,3
356,J141921.02-003653.3,QSO J1419-0036,0.9701837918058638,STIS,,2,,,,,1
357,J141941.10+533649.6,RM300,0.6459553822986581,STIS,,2,,272,,,1
358,J142010.24+524029.6,RM301,0.5483705635048117,STIS,,2,,272,,,1
359,J142038.52+532416.5,RM320,0.2646824252554376,STIS,,1,,272,,,1
360,J142052.43+525622.3,[VV2006] J142052.4+525621,0.6779450876299261,STIS,,2,,272,,,
361,J142103.52+515819.4,RM781,0.2637910400216207,STIS,,1,,272,,,2
362,J142112.29+524147.2,SDSS J142112.29+524147.2,0.8425340437103421,STIS,,2,,272,,,1
363,J142129.82+474726.1,QSO1419+48,0.0726,LWP/SWP,,1,,,,,
364,J142135.90+523138.9,RM772,0.2491577239688483,STIS,,1,,272,,,1
365,J142253.27-000149.4,QSO J1422-0001,1.081328128648883,COS,,2,,,,,
366,J142613.40+195523.9,E1423+201,0.2135,SWP,,1,,,,,
367,J142725.06+194952.6,Mrk813,0.1107561091936612,FOS,,1,1,256,,,1
368,J142735.62+263214.4,Ton 202,0.363731051231133,COS/FOS/STIS,,2,1,256,,,
369,J142906.47+011705.3,Mrk 1383,0.086,STIS,,,,9,680.3,50.17,3
370,J142927.29+523849.4,[VV2006] J142927.3+523849,0.5949813137490401,COS,,2,,256,,,
371,J142943.10+474726.1,2MASS J14294306+4747262,0.2201802978449285,COS/FOS,,1,1,256,,,2
372,J143145.99+030143.8,2MASS J14314604+0301444,0.3405062626320304,COS,,1,,256,,,
373,J143443.68+200524.4,SDSS J143443.68+200524.4,0.4561662348515503,COS,,2,,256,,,0
374,J143511.53+360437.2,QSO J1435+3604,0.4294757451675097,COS,,2,,256,,,0
375,J143622.08+584739.3,Mrk 817,0.031328,COS/STIS,STIS,,,10,128.44309058521125,88.39276888309928,2
376,J143726.14+504555.8,7C 143544.20+505906.00,0.7829173500082636,COS,,2,,256,,,
377,J143816.15-065820.6,LEDA 52314,0.126,COS/STIS,,,,,,,2
378,J144207.46+352622.8,Mrk 478,0.0771,COS/FOS/STIS,,,1,,,,1
379,J144414.66+063306.7,2MASS J14441467+0633067,0.2082787421218677,COS,,1,,256,,,2
380,J144645.91+403506.5,2MASS J14464593+4035057,0.2705840249572124,FOS/STIS,,1,1,257,,,1
381,J145108.70+270927.0,2MASX J14510879+2709272,0.0648217705016947,COS/STIS,,1,,384,,,1
382,J145334.13+311401.3,CSO 1075,0.4643861529384748,STIS,,2,,256,,,1
383,J145427.37-374733.9,PKS1451-375,0.314,FOS,,,1,,-701.3,144.37,3
384,J145502.46+085002.0,2MASS J14550246+0850022,1.106803693097012,COS,,2,,,,,
385,J150401.19+102615.7,Mrk 841,0.036422,COS,COS,,,2,1368.7301546325386,1547.1660525077718,2
386,J150556.55+034226.3,Mrk 1392,0.0359,COS/STIS,STIS,,,2,473.48142602680343,135.124011723317,3
387,J151443.10+365050.0,J15147+3650,0.3709649298938686,FOS,,2,1,257,,,
388,J152114.26+222743.8,LEDA 54782,0.135780889147247,STIS,,1,,384,,,2
389,J152139.61+033729.2,2MASS J15213967+0337292,0.1262864548589803,COS,,1,,256,,,1
390,J152510.60+002633.4,QSO J1525+0026,0.8031388423475001,COS/STIS,,2,,256,,,1
391,J152654.61+565512.3,2MASS J15265460+5655124,0.4819870471821878,STIS,,2,,256,,,2
392,J152701.74+245248.9,QSO J1527+2452,0.99545899087509,STIS,,2,,,,,1
393,J152757.53+223303.9,Q 1525+227,0.2539,LWR/SWP,,1,,,,,
394,J153228.80+045358.4,2MASS J15322879+0453581,0.2182197726059885,COS,,1,,256,,,1
395,J153552.36+575409.2,Mrk 290,0.0302,COS/STIS,COS,,,8,266.5087642305957,199.36663809056137,3
396,J153636.24+044127.0,QSO J1536+0441,0.3889571950060589,COS,,2,,256,,,0
397,J153638.43+543332.5,Mrk 486,0.0389,COS/FOS,COS/FOS,,,14,59.38121176138286,53.428970834118466,3
398,J153730.96+335837.6,QSO J1537+3358,1.02279746582192,STIS,,2,,256,,,1
399,J153934.79+473531.4,PG1538+477,0.7720745622785224,FOS,,2,1,256,,,1
400,J154340.74+112801.3,2MASS J15434073+1128015,0.4216610211436046,COS,,2,,256,,,0
401,J154420.10+591225.9,HS1543+5921,0.8118231558161655,STIS,,2,,,,,1
402,J154530.28+484608.5,QSO B1544+4855,0.4009103960055726,COS/FOS,,2,1,256,,,1
403,J154743.51+205216.5,ICRF J154743.5+205216,0.264302369358326,COS/FOS,,1,1,256,,,
404,J155048.29+400144.9,QSO J1550+4001,0.4973878733789981,COS,,2,,256,,,0
405,J155444.58+082221.5,PG1552+085,0.1194697544164308,STIS,,1,,384,,,1
406,J155729.94+330446.7,7C 1555+3313,0.9410762926407744,COS/FOS,,2,,,,,2
407,J155837.77+081345.7,2MASS J15583777+0813455,0.5171013912709157,COS/STIS,,2,,256,,,1
408,J155909.64+350147.2,Mrk 493,0.0313,FOS/STIS,STIS,,1,142,197.48560807496355,155.7427658228923,3
409,J160211.49+141053.4,SDSSJ1602+1410,0.2766326160680635,COS,,1,,256,,,
410,J161357.19+654309.9,Mrk 876,0.129,COS/STIS,,,,9,,,1
411,J161413.24+260416.5,J16142+2604,0.1308076966203416,FOS,,1,1,256,,,
412,J161519.05-093613.2,2MASS J16151905-0936132,0.06496,COS,,,,,,,
413,J161711.42+063833.4,2MASS J16171142+0638333,0.2291917381085154,COS,,1,,256,,,0
414,J161742.50+322232.6,3C 332.0,0.1509745000065142,FOS/STIS,,1,,256,,,1
415,J161916.54+334238.5,QSO J1619+3342,0.471421556235689,COS/STIS,,2,,256,,,
416,J162011.29+172425.7,PG 1617+175,0.114,LWP/SWP,,,,18,,,
417,J162021.80+173623.9,3C334.0,0.5557573210067811,FOS,,2,1,256,,,2
418,J162439.07+234512.1,3C336.0,0.9266396761050272,FOS,,2,1,,,,2
419,J162756.11+552231.5,QSO B1626+5529,0.1326,COS/FOS,,,1,,,,2
420,J162902.68+372437.0,QSO 1629+372,0.9254,LWP,,2,,,,,
421,J163013.58+375821.0,1628.5+3808,0.3945,FOS,,,-1,,,,1
422,J163020.81+375655.5,1628.6+3806,0.3943505986216355,FOS,,2,1,256,,,1
423,J163302.11+392427.4,7C 163119.39+393037.00,1.024146146363619,COS/FOS,,2,,,,,1
424,J163746.48+114949.1,1635+119,0.1474,SWP,,1,,,,,
425,J164258.78+394836.8,3C345,0.593415,FOS,,2,1,256,,,2
426,J165939.76+183436.8,2MASSI-J165939.7+183436,0.1707950328276241,STIS,,1,,256,,,0
427,J165958.93+620218.1,2MASS J16595894+6202181,0.2326870796856196,COS,,1,,256,,,0
428,J170124.89+514920.1,PG1700+518,0.292,FOS/STIS,,,,9,,,1
429,J170441.49+604428.9,3C351,0.3719797196745716,FOS/STIS,,2,1,257,,,1
430,J170634.07+361508.7,7C 170448.10+361856.00,0.9166898715211488,STIS,,2,,256,,,1
431,J171448.51+332738.2,2MASS J17144850+3327383,0.1804647950383507,COS/STIS,,1,,256,,,1
432,J171539.84+574722.1,QSO J1715+5747,0.6975058971258566,STIS,,2,,256,,,2
433,J171623.69+565445.0,QSO J1716+5654,0.9392134048975468,STIS,,2,,,,,2
434,J171850.29+304201.5,2MASS J17185029+3042017,0.2823390330206112,COS,,1,,384,,,
435,J171914.54+485849.6,ICRF J171914.4+485849,0.024167,FOS/STIS,,,,8,,,0
436,J172819.79-141555.9,QSO B1725-142,0.185,COS/STIS,,,,,,,1
437,J182157.12+642036.5,H1821+643,0.2972,COS/FOS/STIS,,,1,,,,1
438,J183503.40+324146.4,ICRF J183503.3+324146,0.05787,STIS,,,,8,,,0
439,J184208.77+794616.6,3C390.3,0.0555,FOS/STIS,,,1,8,,,2
440,J185801.13+485023.3,1RXS J185800.9+485020,0.079,COS,,,,8,128.4,185.25,3
441,J190525.91+422739.8,Z 229-15,0.02788,STIS,STIS,,,8,266.5087642305957,241.25310407403236,3
442,J192114.14-584013.0,ESO 141-55,0.037109,COS,COS,,,,335.5125590520637,119.98490704192486,3
443,J192748.51+735801.8,4C73-18,0.3021,FOS,,,1,,59.4,67.58,3
444,J194240.58-101925.3,NGC 6814,0.00521,STIS,STIS,,,8,335.5125590520637,520.3127491987848,3
445,J200552.99-413442.1,LEDA 3096578,0.079632,COS,,,,,,,
446,J202151.55-311723.0,ESO 462-9,0.019277,COS,,,,,,,0
447,J204409.75-104324.6,Mrk 509,0.0344,COS/FOS/STIS,COS/FOS/STIS,,1,8,197.48560807496355,142.45975672391,3
448,J211452.58+060742.6,2MASS J21145258+0607423,0.4608,COS/FOS/STIS,,,1,,,,2
449,J213135.29-120704.9,QSO B2128-123,0.4996,COS/FOS,,,1,,,,2
450,J213227.87+100818.9,Mrk 1513,0.062,COS/STIS,,,,9,,,
451,J213622.98-622401.0,LEDA 89176,0.059,COS,,,,,,,
452,J213745.21-143255.9,ICRF J213745.1-143255,0.2004,COS/FOS,,,1,,,,
453,J214335.56+174349.1,OX169,0.2106,FOS,,,1,,473.5,17.18,3
454,J220315.00+314537.8,J2203+3145,0.2952,COS/FOS,,,1,,,,
455,J221852.08-033537.3,PKS2216-03,0.901,FOS,,,1,,,,
456,J222634.05-090106.1,FBQS J2226-0901,0.2986224246034802,COS,,1,,256,,,
457,J223607.68+134355.3,2MASS J22360767+1343554,0.3264161497257916,COS/STIS,,1,,384,,,2
458,J224239.34+294331.3,UGC 12163,0.0245,COS/FOS/STIS,,,1,,,,0
459,J224618.19-120651.2,PKS2243-123,0.6255,FOS,,,1,,-147.9,24.47,3
460,J224841.20-510953.1,2MASS J22484115-5109532,0.1,COS,,,,,-78.8,89.8,3
461,J225357.76+160853.2,3C 454.3,0.8586,COS/FOS,,,1,,,,2
462,J225405.84-173455.1,MR 2251-178,0.0638,COS/FOS/STIS,,,1,,,,
463,J225410.41+113638.9,4C 11.72,0.3256,FOS/STIS,,,1,,,,2
464,J230315.63+085225.5,NGC-7469,0.016268,COS/FOS/STIS,STIS,,1,8,266.5087642305957,175.99589836696137,3
465,J230343.50-680737.1,PKS2300-68,0.5158,FOS,,,1,,-286.1,159.8,3
466,J230845.60-091123.9,LEDA 994116,0.192841161378267,COS,,1,,256,,,2
467,J231117.80+100816.1,PG2308+098,0.4341,FOS,,,1,,,,
468,J232554.24+215314.0,SWIFT J2325.6+2157,0.12,COS,,,,,335.5,126.8,3
469,J233439.99+005200.6,QSO J2334+0052,1.038464247012057,STIS,,2,,,,,0
470,J234145.51-004640.5,[VV2006] J234145.5-004640,0.524485126025293,STIS,,2,,256,,,
471,J234636.89+093046.0,PKS2344+09,0.6719,FOS,,,1,,197.5,47.3,3
472,J235152.77+261932.5,LEDA 1771917,0.037669,COS,COS,,,,197.48560807496355,126.02009253995084,3
473,J235156.08-010913.4,ICRF J235156.1-010913,0.1739381299235957,COS/FOS/STIS,,1,1,256,,,
474,J235321.61-002841.1,LBQS 2350-0045B,0.7645967254752307,STIS,,2,,256,,,2
