index,name,name_pub,manmask,record,blue_before,blue_after,quanta,ew_before,ew_after,dew_pct,band
1,NGC4395_COMBINED,NGC 4395,3,BEST_iter08_siiv_m2300,-78.78126855460229,-147.88187004671502,-1,314.37886611531724,215.68544246866415,-31.393148294660293,large
2,NGC-4051_COMBINED,NGC  4051,0,REJECT_ALL_iter04_adopted,955.8690657511148,128.44309058521125,-12,131.91990441722524,84.36398774523572,-36.04908363303816,large
3,NGC4151_COMBINED,NGC4151,3,BEST_iter04_adopted,335.5125590520637,335.5125590520637,0,166.79164363195497,163.2069048195254,-2.149231660753771,small
5,NGC 3227_COMBINED,NGC 3227,3,BEST_iter12_troughtrue,404.4969925394556,128.44309058521125,-4,175.4494254240577,181.04019086201563,3.1865396107426256,large
6,NGC1566-NUC_FOS,NGC 1566,0,REJECT_ALL_iter03_allmasks,-493.6365748509283,-493.6365748509283,0,123.16686641914868,123.60845614280218,0.3585296407158197,small
7,NGC 6814_STIS,NGC  6814,3,BEST_iter04_gtr_prior,335.5125590520637,335.5125590520637,0,520.3127491987848,524.2046087560642,0.7479846617774376,small
9,NGC 3516_COMBINED,NGC 3516,3,BEST_iter05_grow3,404.4969925394556,404.4969925394556,0,174.26955285528177,175.60040276583334,0.7636732227440429,small
10,NGC 4593_STIS,NGC  4593,3,BEST_iter03_allmasks,749.2255466349936,473.48142602680343,-4,183.41700582201793,168.30866011348687,-8.237156440767397,large
11,NGC 3783_COMBINED,NGC 3783,3,REJECT_ALL_iter03_allmasks,473.48142602680343,404.4969925394556,-1,94.82446985240897,56.88040237403005,-40.01505891616115,large
11,NGC 3783_FOS,NGC 3783,3,BEST_iter05_strongabsonly,59.38121176138286,59.38121176138286,0,108.81513635567126,108.81709162377248,0.0017968714341690412,unchanged
12,NGC 4253_STIS,NGC 4253,3,BEST_iter08_absorber,-78.78126855460229,-78.78126855460229,0,116.93610346400472,116.91705154472324,-0.016292589471604026,unchanged
13,ESO 499-41_COS,MCG-04-24-017,0,REJECT_ALL_iter01_baseline,680.3185584841262,1299.9586958205564,9,4.388147338643033,22.35937486704964,409.5402032230744,large
15,Mrk 352_COS,Z 501-58,0,REJECT_ALL_iter01_baseline,-1255.698686010786,-78.78126855460229,17,293.29533075698674,251.32767054683495,-14.30901068279351,large
17,Mrk 1044_COMBINED,MCG-02-07-024,3,BEST_iter06_peakabs,197.48560807496355,266.5087642305957,1,80.01236049759146,74.56705801474432,-6.805576599644319,small
18,NGC-7469_STIS,NGC 7469,3,BEST_iter07_peakblueabs,266.5087642305957,335.5125590520637,1,175.99589836696137,170.70640133467683,-3.005466082655883,small
19,NGC 5548_FOS,NGC 5548,3,BEST_iter03_fullabs,-9.68066706248958,-78.78126855460229,-1,244.95947475898137,258.84130921698244,5.6669922531714985,small
20,3C 84_COMBINED,NGC 1275,0,REJECT_ALL_iter03_allmasks,9574.141002142673,-3274.0790458734505,-186,0.0,40.94621802284564,,large
20,3C 84_FOS,NGC 1275,0,REJECT_ALL_iter02_combmasks,4651.1539355138375,4651.1539355138375,0,20.632905435263964,20.683913370983,0.24721644694719835,small
22,ESO 462-9_COS,MCG-05-48-003,0,REJECT_ALL_iter03_allmasks,1231.1678756744095,59.38121176138286,-17,445.2373816135964,122.92672428918073,-72.3907449451619,large
23,Mrk 1310_STIS,Mrk 1310,3,BEST_iter03_allmasks,197.48560807496355,197.48560807496355,0,1179.334821572151,1253.993166424638,6.330546973332077,small
25,Mrk 40_STIS,MCG+09-19-073,3,BEST_iter01_baseline,-9.68066706248958,-9.68066706248958,0,733.3958107371818,722.2504889731156,-1.5196871322271914,small
26,Mrk 50_STIS,Mrk   50,3,BEST_iter04_gtr_prior,-147.88187004671502,-147.88187004671502,0,168.3179590446759,168.24197402727742,-0.045143737382353596,unchanged
27,ICRF J171914.4+485849_FOS,Z 252-40,0,REJECT_ALL_iter03_allmasks,2261.3070191289908,2261.3070191289908,0,125.72523067152012,134.26111870567226,6.789319843408112,small
28,UGC 12163_COMBINED,UGC 12163,0,REJECT_ALL_iter02_noncivmasks,266.5087642305957,335.5125590520637,1,32.8544196375405,19.479657715959497,-40.70917115302983,large
28,UGC 12163_FOS,UGC 12163,0,REJECT_ALL_iter03_allmasks,-78.78126855460229,-78.78126855460229,0,59.38201726596459,59.38201778832558,8.796619056402141e-07,unchanged
29,Mrk 335_COMBINED,MRK 0335,3,REJECT_ALL_iter02_noncivmasks,59.38121176138286,-9.68066706248958,-1,96.63557988845346,89.96911008585224,-6.898566563471073,small
29,Mrk 335_FOS,MRK 0335,3,BEST_iter08_gtr_plus1510abs,-78.78126855460229,-78.78126855460229,0,80.70497435749922,80.70543987179614,0.0005768099186275517,unchanged
30,NGC 863_COS,NGC   863,3,BEST_iter04_gtr_prior,-78.78126855460229,-147.88187004671502,-1,225.04952557288863,245.8356722892428,9.236254403754343,small
31,ESO 31-8_COS,ESO  31-8,0,REJECT_ALL_iter03_allmasks,-562.8339830136417,-147.88187004671502,6,141.52992669794904,94.59192231489132,-33.1647203373687,large
32,Z 291-51_STIS,Z 291-51,3,BEST_iter06_gtr_hand_z69,-9.68066706248958,-78.78126855460229,-1,218.22007007173684,228.19983614415636,4.573257661011112,small
33,Z 229-15_STIS,Z 229-15,3,BEST_iter03_allmasks,266.5087642305957,266.5087642305957,0,241.25310407403236,239.20078023824095,-0.8506932350854329,small
35,2MASX-J00391586-5117013_COS,[WPV85] 007,2,BEST_iter11_gtr_hand2,404.4969925394556,1506.214988254143,16,22.670942111031714,39.525735960361594,74.34536141807848,large
36,Mrk 290_COS,Mrk  290,3,BEST_iter02_gtr_hand,266.5087642305957,-355.2804811936978,-9,199.36663809056137,171.65402251487015,-13.900327477610817,large
37,Mrk 279_STIS,Z 336-28,3,BEST_iter01_gtr_prior,-78.78126855460229,-9.68066706248958,1,105.3015884087532,127.516904628956,21.096848163361745,large
38,Mrk 493_STIS,UGC 10120,3,BEST_iter04_itermasks,197.48560807496355,128.44309058521125,-1,155.7427658228923,153.9470035518104,-1.1530309363607878,small
39,Mrk 817_STIS,Z 296-15,2,BEST_iter05_gtr_hand2,128.44309058521125,-78.78126855460229,-3,88.39276888309928,73.25671949529762,-17.12362852646839,large
40,AKN120_STIS,ARK 120,0,REJECT_ALL_iter03_allmasks,1231.1678756744095,1437.4822521104009,3,112.13517239554838,117.55839619826212,4.836327163776697,small
42,RXS-J00057-5007_COS,LEDA     407,3,BEST_iter03_allmasks,-286.1411570333448,-424.45852802229103,-2,66.50684415275748,68.72832943322037,3.3402355934382126,small
44,Mrk 509_COMBINED,MRK 0509,3,BEST_iter01_baseline,197.48560807496355,128.44309058521125,-1,142.45975672391,146.0791738796739,2.54065936865132,small
45,Pic A_FOS,PICTOR A,3,BEST_iter09_gtr_hand,266.5087642305957,335.5125590520637,1,244.9974749938436,278.09066513343964,13.507563757719385,large
46,Mrk 110_COS,Mrk  110,2,BEST_iter05_gtr_hand,-78.78126855460229,-286.1411570333448,-3,368.52083999458125,446.4969000618997,21.15919959057539,large
47,Mrk 1392_STIS,Z  48-115,3,BEST_iter04_gtr_hand,473.48142602680343,473.48142602680343,0,135.124011723317,135.12404907218004,2.764043381728122e-05,unchanged
48,Mrk 841_COS,Mrk  841,2,BEST_iter05_gtr_hand,1368.7301546325386,-217.00183287294783,-23,1547.1660525077718,182.65138258083127,-88.19445512750391,large
49,ESO 141-55_COS,ESO 141-55,3,BEST_iter04_gtr_prior,335.5125590520637,197.48560807496355,-2,119.98490704192486,87.41434767943552,-27.145547023767417,large
50,Mrk 1179_COS,Mrk 1179,0,REJECT_ALL_iter03_allmasks,2124.151328187517,818.1325347858609,-19,30.86661032998837,108.71880302159164,252.22138699164577,large
51,Mrk 486_COMBINED,Mrk  486,3,BEST_iter01_baseline,59.38121176138286,128.44309058521125,1,53.428970834118466,59.96729834806125,12.237419908840097,large
52,LEDA 1771917_COS,LEDA 1771917,3,BEST_iter07_gtr_hand_zNED_open1525,197.48560807496355,-78.78126855460229,-4,126.02009253995084,162.78044229648708,29.170229140152784,large
53,LEDA 88588_STIS,1H 0707-495,3,BEST_iter05_gtr_hand,2466.90502620236,2398.385264733984,-1,14.815648697168434,14.516247025573865,-2.020847535699138,small
54,Mrk 231_COS,Mrk 231,2,BEST_iter02_gtr_hand,2603.886465136709,1986.9569145778023,-9,12.065441224740251,42.64530709240562,253.45004213323915,large
56,Mrk 1018_COS,Z 387-34,2,BEST_iter05_gtr_hand2,-355.2804811936978,-286.1411570333448,1,389.8825551080064,267.06014178901086,-31.502413152332736,large
57,NGC 985_COS,NGC   985,2,BEST_iter03_allmasks,-9.68066706248958,197.48560807496355,3,87.11115651379748,97.8060792710233,12.277328398839302,large
58,IRASF12397+3333_COS,LEDA   42648,0,REJECT_ALL_iter03_allmasks,3970.312621008336,3902.1413635542094,-1,23.98836868185248,24.821115490227506,3.4714607709235685,small
59,Mrk 142_STIS,Mrk  142,3,BEST_iter05_gtr_hand,335.5125590520637,335.5125590520637,0,60.86362266122486,60.890735074594176,0.04454617090446244,unchanged
60,ESO 113-45_FOS,Fairall 9,3,BEST_iter05_gtr_hand_z-69b,-78.78126855460229,-78.78126855460229,0,191.5907563412009,191.58949068224948,-0.0006606054360769109,unchanged
61,Z 535-12_COS,Z 535-12,2,BEST_iter08_gtr_plus_spike_high,-147.88187004671502,-424.45852802229103,-4,274.75306014000057,209.361517220412,-23.80011450510079,large
62,Mrk 1253_COS,Z   8-93,3,BEST_iter04_gtr_prior,680.3185584841262,473.48142602680343,-3,313.4875749681148,223.5085465434499,-28.702582050920768,large
64,3C390.3_FOS,3C 390.3,2,BEST_iter04_gtr_prior,611.3922089991388,611.3922089991388,0,229.4030897743993,240.13129020679503,4.67657189924779,small
65,ICRF J183503.3+324146_STIS,Z 173-14,0,REJECT_ALL_iter03_allmasks,-78.78126855460229,-839.7978676717526,-11,415.5414264905063,241.75445324551225,-41.82181659064129,large
66,2MASS J00505073+3536429_COS,2MASS J00505073+3536429,3,BEST_iter04_gtr_prior,266.5087642305957,128.44309058521125,-2,362.6815937992602,117.84365312742476,-67.50768300840495,large
67,QSO B1011-040_COS,QSO B1011-040,3,BEST_iter01_baseline,266.5087642305957,680.3185584841262,6,49.44822460975603,26.81892452314253,-45.763625014251346,large
68,LEDA 89176_COS,LEDA   89176,0,REJECT_ALL_iter03_allmasks,-2715.930505718027,59.38121176138286,40,45.146777855435005,45.92913678579039,1.732923073404233,large
69,Mrk 1298_COS,Mrk 1298,0,REJECT_ALL_iter03_allmasks,197.48560807496355,-632.0507525105193,-12,8.077825444980009,39.64279127389824,390.7606823632762,large
70,Mrk 1502_COMBINED,UGC 00545,2,BEST_iter01_baseline,1231.1678756744095,1231.1678756744095,0,26.430498157223195,26.91850546135659,1.8463795166873525,small
71,TON-S180_STIS,TON S180,3,BEST_iter01_baseline,749.2255466349936,749.2255466349936,0,33.5807577193313,33.67942934549778,0.29383382885871057,small
72,Mrk 1513_COS,Mrk 1513,3,BEST_iter01_gtr_prior,266.5087642305957,197.48560807496355,-1,187.1738693058159,113.91803951920564,-39.13785084333567,large
73,LEDA 3095485_STIS,LEDA 3095485,3,BEST_iter04_gtr_prior,266.5087642305957,266.5087642305957,0,49.57331915695746,49.56161022256701,-0.02361942792931763,unchanged
74,MR 2251-178_COS,MR 2251-178,3,BEST_iter02_gtr_junkmasked,611.3922089991388,542.4464981800312,-1,518.4625939996093,276.67461457676984,-46.63556874134331,large
75,Mrk 1148_COS,Mrk 1148,3,BEST_iter03_allmasks,197.48560807496355,-286.1411570333448,-7,206.30618718113283,103.35345609157557,-49.90288100238446,large
76,Ton 951_COMBINED,Ton  951,0,REJECT_ALL_iter01_baseline,680.3185584841262,-493.6365748509283,-17,27.93068137062368,9.985635002842432,-64.2485091203507,large
77,Mrk 771_COMBINED,Z  99-79,0,REJECT_ALL_iter03_allmasks,542.4464981800312,-770.5230141725146,-19,230.87808533841985,136.8015388676963,-40.74728284965923,large
78,2MASS J16151905-0936132_COS,2MASS J16151905-0936132,0,REJECT_ALL_iter03_allmasks,-78.78126855460229,59.38121176138286,2,498.0871744074323,30.227381252683333,-93.93130704707576,large
79,LEDA 88835_STIS,2MASX J13251937-382452,3,BEST_iter02_gtr_prior_zNED,2740.8098200686536,2672.3675039368018,-1,17.420058807736115,18.037421683076627,3.5439769874160527,small
80,LEDA 3095694_COS,LEDA 3095694,0,REJECT_ALL_iter03_allmasks,-9.68066706248958,749.2255466349936,11,105.2637442653676,131.19321060638376,24.632855806124976,large
81,Mrk 205_FOS,MRK 0205,3,BEST_iter04_gtr_prior,197.48560807496355,197.48560807496355,0,106.60523762085197,106.6111181885496,0.005516208986415063,unchanged
82,Mrk 478_COMBINED,MRK 0478,3,BEST_iter04_gtr_stismasks,680.3185584841262,680.3185584841262,0,44.752536312043866,44.41316740715741,-0.7583232881375808,small
83,1RXS J185800.9+485020_COS,1RXS J185800.9+485020,3,BEST_iter08_gtr_hand2,128.44309058521125,266.5087642305957,2,247.1332850361676,108.61881224723882,-56.048489287332295,large
84,LEDA 3096578_COS,LEDA 3096578,0,REJECT_ALL_iter03_allmasks,1437.4822521104009,-9.68066706248958,-21,192.48801048181733,113.93014627464729,-40.81182199895547,large
85,LEDA 2100384_COS,1RXS J004343.6+372521,0,REJECT_ALL_iter03_allmasks,-1047.6805121718269,9574.141002142673,154,361.0882486735394,0.0,-100.0,large
86,PB 3894_COMBINED,PG 1211+143,3,BEST_iter07_gtr_hand,128.44309058521125,128.44309058521125,0,97.48457065133408,104.60266647278708,7.301766601518683,small
87,2MASS J12323582+0603098_COS,2MASS J12323582+0603098,0,REJECT_ALL_iter03_allmasks,-770.5230141725146,197.48560807496355,14,1.5156787933742912,74.44010444454152,4811.337729996121,large
88,Mrk 1383_STIS,Mrk 1383,3,BEST_iter04_gtr_prior,611.3922089991388,3970.312621008336,49,77.35955721243919,63.27492020098087,-18.206718754581424,large
89,PG1351+640_COMBINED,PG 1351+640,2,BEST_iter04_trough1531_1546,-286.1411570333448,-562.8339830136417,-4,43.66737413774544,38.235192710462826,-12.439908592046793,large
90,LEDA 50824_FOS,LEDA   50824,3,BEST_iter01_gtr_prior,-424.45852802229103,-424.45852802229103,0,83.65994515563871,83.63813548897758,-0.02606942500446691,unchanged
91,Mrk 1501_COMBINED,Mrk 1501,0,REJECT_ALL_iter03_allmasks,59.38121176138286,128.44309058521125,1,152.33705220843478,157.64892794859102,3.4869230191537897,small
92,2MASS J08105865+7602424_COMBINED,2MASS J08105865+7602424,3,BEST_iter04_gtr_masks,335.5125590520637,266.5087642305957,-1,34.77872423766066,36.66502488810162,5.423720081136126,small
93,2MASS J22484115-5109532_COS,2MASS J22484115-5109532,2,BEST_iter05_gtr_hand,-9.68066706248958,128.44309058521125,2,135.54410745178194,195.16935935321217,43.98955662653291,large
94,LEDA 10293_COS,LEDA   10293,3,BEST_iter06_gtr_comps_high,473.48142602680343,404.4969925394556,-1,70.75512838456794,58.633685071593405,-17.131540270963995,large
95,LB 1727_COS,LB  1727,3,BEST_iter01_gtr_prior,59.38121176138286,59.38121176138286,0,120.97906789521332,120.26551665971796,-0.5898137982955906,small
97,Ton S 210_STIS,Ton S 210,0,REJECT_ALL_iter02_noncivmasks,-1463.8717505227507,1299.9586958205564,40,239.41604069786789,163.32844883168386,-31.780490415094242,large
98,2MASS J12305003+0115226_COMBINED,2MASS J12305003+0115226,2,BEST_iter05_gtr_hand,1849.685055631564,1781.0297648243463,-1,16.0167770532874,14.325827646466784,-10.557363701791378,large
99,LEDA 3095439_COS,LEDA 3095439,2,BEST_iter07_gtr_hand,-286.1411570333448,-839.7978676717526,-8,132.3617195998154,136.26706602346343,2.9505104915949487,large
100,SWIFT J2325.6+2157_COS,SWIFT J2325.6+2157,3,BEST_iter06_gtr_hand,404.4969925394556,197.48560807496355,-3,163.24446917268062,132.68080698405083,-18.722632591184105,large
101,LEDA 52314_COMBINED,LEDA   52314,2,BEST_iter05_gtr_stismasks_z129,59.38121176138286,335.5125590520637,4,81.61014220441074,56.70916203982051,-30.51211466121476,large
102,QSO J0623-6436_COS,QSO J0623-6436,3,BEST_iter05_allmasks_comps_high,-286.1411570333448,-701.286883341517,-6,91.69126651287426,89.92317173552506,-1.9283131802972193,large
103,Mrk 876_COMBINED,Mrk  876,3,BEST_iter04_gtr_cosmasks,473.48142602680343,542.4464981800312,1,44.24079354266578,38.883627051609785,-12.109110307638458,large
104,PG1416-129_FOS,[HB89] 1416-129,3,BEST_iter04_gtr_hand,128.44309058521125,128.44309058521125,0,364.0697404918512,364.06207939336633,-0.002104294214206255,unchanged
105,MCG+13-07-002_COS,MCG+13-07-002,2,BEST_iter04_gtr_comps_high,473.48142602680343,266.5087642305957,-3,40.993414661442856,46.76741186339022,14.085182338757964,large
106,QSO B1626+5529_COS,SBS 1626+554,3,BEST_iter03_allmasks,-9.68066706248958,-78.78126855460229,-1,63.786156318331294,77.41893098743127,21.3726229263043,large
107,ZTF J004818.97+394111.8_COS,2MASS J00481898+3941116,2,BEST_iter05_gtr_hand,266.5087642305957,473.48142602680343,3,51.72768369824064,55.5163356872804,7.324225092198789,small
108,LEDA 1790_FOS,PG 0026+129,2,BEST_iter01_gtr_prior,128.44309058521125,128.44309058521125,0,38.11549738108507,38.114375927860934,-0.002942250006406421,unchanged
109,LEDA 82580_COS,LEDA   82580,0,REJECT_ALL_iter03_allmasks,-632.0507525105193,266.5087642305957,13,769.5313695833592,65.25608671705454,-91.52002253626313,large
110,LEDA 3237_COMBINED,PG 0052+251,3,BEST_iter05_gtr_hand,335.5125590520637,404.4969925394556,1,114.65885842426204,118.40222070292135,3.2647824425462937,small
112,PG1402+261_COMBINED,FBQS J140516.1+255534,3,BEST_iter03_allmasks,473.48142602680343,404.4969925394556,-1,38.20528455865245,38.35007389438041,0.3789772472592826,small
113,PG1322+659_STIS,PG 1322+659,3,BEST_iter07_allmasks_uvonly,-217.00183287294783,-217.00183287294783,0,75.41621279331457,74.989217877633,-0.5661845110835736,small
114,QSO B1725-142_COS,QSO B1725-142,2,BEST_iter01_baseline,3765.740764643641,4174.7295867000685,6,34.46404473961488,13.740407926857912,-60.13118010184124,large
115,2MASS J00435499+4234302_COS,QSO J0043+4234,3,BEST_iter03_gtr_comps_low,335.5125590520637,611.3922089991388,4,310.2875503455261,122.56949593947655,-60.49809417007315,large
116,ICRF J213745.1-143255_FOS,[HB89] 2135-147,3,BEST_iter01_gtr_prior,-78.78126855460229,-78.78126855460229,0,177.50598520292763,177.50455104057818,-0.0008079515447408295,unchanged
117,OX169_FOS,[HB89] 2141+175,3,BEST_iter01_gtr_prior,404.4969925394556,404.4969925394556,0,30.54433702799542,30.544334355410516,-8.749854033281808e-06,unchanged
118,LBQS1317-0142_FOS,LBQS 1317-0142,3,BEST_iter03_gtr_comps_high,887.0008002684879,887.0008002684879,0,59.852522918932664,59.85252375481315,1.3965668347192e-06,unchanged
119,PG0953+415_COS,PG 0953+414,2,BEST_iter03_baseline_comps_low,611.3922089991388,1506.214988254143,13,40.0025032201366,25.489843237466427,-36.27937957483806,large
120,LBQS1132-0302_FOS,LBQS 1132-0302,3,BEST_iter03_gtr_comps_high,1574.9477243978852,1574.9477243978852,0,36.513442797831075,36.513442990910285,5.287893847166195e-07,unchanged
