index,common_name,name_pub,manmask_now,manmask_expected,status,civ_px,n_spectra,ica_px,basis,reason_now
1,NGC4395,NGC 4395,3.0,,measured,140,3,3767,fittable: 140 px at C IV across 3 spectra,
2,NGC-4051,NGC  4051,0.0,,confirmed,140,2,1532,fittable: 140 px at C IV across 2 spectra,insufficient_coverage;civ_unphysical;fit_unstable
3,NGC4151,NGC4151,3.0,,measured,140,2,3734,fittable: 140 px at C IV across 2 spectra,
4,NGC 5273,NGC  5273,1.0,1.0,confirmed,0,0,0,iue_only: no HST observation in the archive,iue_only
5,NGC 3227,NGC 3227,3.0,,measured,140,2,3768,fittable: 140 px at C IV across 2 spectra,
6,NGC1566-NUC,NGC 1566,0.0,,confirmed,139,1,3762,fittable: 139 px at C IV across 1 spectra,low_snr;civ_unphysical
7,NGC 6814,NGC  6814,3.0,,measured,140,1,3767,fittable: 140 px at C IV across 1 spectra,
8,MCG-6-30-15,MCG-06-30-015,1.0,0.0,RECONSIDER - carried as IUE-only but HST data exists,0,1,0,no_civ_data: 0 usable pixels at C IV,iue_only
9,NGC 3516,NGC 3516,3.0,,measured,140,3,3768,fittable: 140 px at C IV across 3 spectra,
10,NGC 4593,NGC  4593,3.0,,measured,139,1,1506,fittable: 139 px at C IV across 1 spectra,
11,NGC 3783,NGC 3783,3.0,,measured,140,3,2607,fittable: 140 px at C IV across 3 spectra,
12,NGC 4253,NGC 4253,3.0,,measured,140,1,3767,fittable: 140 px at C IV across 1 spectra,
13,ESO 499-41,MCG-04-24-017,0.0,,confirmed,134,1,1363,fittable: 134 px at C IV across 1 spectra,insufficient_coverage;low_snr;civ_unphysical
14,IR1249-13,NGC  4748,1.0,1.0,confirmed,0,0,0,iue_only: no HST observation in the archive,iue_only
15,Mrk 352,Z 501-58,0.0,,confirmed,140,1,1223,fittable: 140 px at C IV across 1 spectra,no_civ_data;low_snr
16,IC 4329A,RXC J1349.3-3018,1.0,1.0,confirmed,0,0,0,iue_only: no HST observation in the archive,iue_only
17,Mrk 1044,MCG-02-07-024,3.0,,measured,140,2,1470,fittable: 140 px at C IV across 2 spectra,
18,NGC-7469,NGC 7469,3.0,,measured,140,3,3768,fittable: 140 px at C IV across 3 spectra,
19,NGC 5548,NGC 5548,3.0,,measured,140,3,3767,fittable: 140 px at C IV across 3 spectra,
20,3C 84,NGC 1275,0.0,,RECONSIDER - ICA range +2789 px; S/N x5.3; +1 spectra,140,3,1411,fittable: 140 px at C IV across 3 spectra,insufficient_coverage;low_snr;civ_unphysical
21,MKN 6,IC  450,1.0,1.0,confirmed,0,0,0,iue_only: no HST observation in the archive,iue_only
22,ESO 462-9,MCG-05-48-003,0.0,,confirmed,128,1,1404,fittable: 128 px at C IV across 1 spectra,insufficient_coverage;civ_unphysical
23,Mrk 1310,Mrk 1310,3.0,,measured,140,1,3768,fittable: 140 px at C IV across 1 spectra,
24,MCG8-11-11,Z 232-3,1.0,1.0,confirmed,0,0,0,iue_only: no HST observation in the archive,iue_only
25,Mrk 40,MCG+09-19-073,3.0,,measured,141,1,3767,fittable: 141 px at C IV across 1 spectra,
26,Mrk 50,Mrk   50,3.0,,measured,140,1,3767,fittable: 140 px at C IV across 1 spectra,
27,ICRF J171914.4+485849,Z 252-40,0.0,,RECONSIDER - +1 spectra,141,2,3767,fittable: 141 px at C IV across 2 spectra,low_snr
28,UGC 12163,UGC 12163,0.0,,confirmed,140,3,3766,fittable: 140 px at C IV across 3 spectra,civ_unphysical
29,Mrk 335,MRK 0335,3.0,,measured,140,3,3768,fittable: 140 px at C IV across 3 spectra,
30,NGC 863,NGC   863,3.0,,measured,140,1,3631,fittable: 140 px at C IV across 1 spectra,
31,ESO 31-8,ESO  31-8,0.0,,confirmed,133,1,1359,fittable: 133 px at C IV across 1 spectra,insufficient_coverage;civ_unphysical
32,Z 291-51,Z 291-51,3.0,,measured,140,1,3767,fittable: 140 px at C IV across 1 spectra,
33,Z 229-15,Z 229-15,3.0,,measured,140,1,3767,fittable: 140 px at C IV across 1 spectra,
34,MKN 704,Z  91-65,1.0,1.0,confirmed,0,0,0,iue_only: no HST observation in the archive,iue_only
35,2MASX-J00391586-5117013,[WPV85] 007,2.0,,measured,140,2,3755,fittable: 140 px at C IV across 2 spectra,
36,Mrk 290,Mrk  290,3.0,,measured,137,2,1476,fittable: 137 px at C IV across 2 spectra,
37,Mrk 279,Z 336-28,3.0,,measured,140,2,3763,fittable: 140 px at C IV across 2 spectra,
38,Mrk 493,UGC 10120,3.0,,measured,140,2,3768,fittable: 140 px at C IV across 2 spectra,
39,Mrk 817,Z 296-15,2.0,,measured,140,2,3761,fittable: 140 px at C IV across 2 spectra,
40,AKN120,ARK 120,0.0,,"RECONSIDER - C IV now covered (140 px, was 0); ICA range +3531 px; S/N now measurable; +1 spectra",140,2,3764,fittable: 140 px at C IV across 2 spectra,no_civ_data
41,3C 120,MCG+01-12-009,1.0,0.0,RECONSIDER - carried as IUE-only but HST data exists,0,1,282,no_civ_data: 0 usable pixels at C IV,iue_only
42,RXS-J00057-5007,LEDA     407,3.0,,measured,136,1,1323,fittable: 136 px at C IV across 1 spectra,
43,PG1310-1051,LEDA   45913,1.0,1.0,confirmed,0,0,0,iue_only: no HST observation in the archive,iue_only
44,Mrk 509,MRK 0509,3.0,,measured,140,3,3762,fittable: 140 px at C IV across 3 spectra,
45,Pic A,PICTOR A,3.0,,measured,140,2,3767,fittable: 140 px at C IV across 2 spectra,
46,Mrk 110,Mrk  110,2.0,,measured,140,2,2938,fittable: 140 px at C IV across 2 spectra,
47,Mrk 1392,Z  48-115,3.0,,measured,140,2,1328,fittable: 140 px at C IV across 2 spectra,
48,Mrk 841,Mrk  841,2.0,,measured,135,1,1382,fittable: 135 px at C IV across 1 spectra,
49,ESO 141-55,ESO 141-55,3.0,,measured,135,1,1303,fittable: 135 px at C IV across 1 spectra,
50,Mrk 1179,Mrk 1179,0.0,,confirmed,132,1,1195,fittable: 132 px at C IV across 1 spectra,no_civ_data
51,Mrk 486,Mrk  486,3.0,,measured,141,2,2985,fittable: 141 px at C IV across 2 spectra,
52,LEDA 1771917,LEDA 1771917,3.0,,measured,134,1,1374,fittable: 134 px at C IV across 1 spectra,
53,LEDA 88588,1H 0707-495,3.0,,measured,141,1,3767,fittable: 141 px at C IV across 1 spectra,
54,Mrk 231,Mrk 231,2.0,,measured,140,3,3767,fittable: 140 px at C IV across 3 spectra,
55,MKN 374,MCG+09-12-016,1.0,1.0,confirmed,0,0,0,iue_only: no HST observation in the archive,iue_only
56,Mrk 1018,Z 387-34,2.0,,measured,140,2,1452,fittable: 140 px at C IV across 2 spectra,
57,NGC 985,NGC   985,2.0,,measured,125,2,2683,fittable: 125 px at C IV across 2 spectra,
58,IRASF12397+3333,LEDA   42648,0.0,0.0,confirmed,0,1,609,no_civ_data: 0 usable pixels at C IV,no_civ_data
59,Mrk 142,Mrk  142,3.0,,measured,140,1,3768,fittable: 140 px at C IV across 1 spectra,
60,ESO 113-45,Fairall 9,3.0,,measured,141,3,3761,fittable: 141 px at C IV across 3 spectra,
61,Z 535-12,Z 535-12,2.0,,measured,132,1,1343,fittable: 132 px at C IV across 1 spectra,
62,Mrk 1253,Z   8-93,3.0,,measured,134,1,1312,fittable: 134 px at C IV across 1 spectra,
63,PG 0934+0119,Z   7-13,1.0,1.0,confirmed,0,0,0,iue_only: no HST observation in the archive,iue_only
64,3C390.3,3C 390.3,2.0,,measured,140,1,3764,fittable: 140 px at C IV across 1 spectra,
65,ICRF J183503.3+324146,Z 173-14,0.0,0.0,RECONSIDER - ICA range +373 px,0,1,608,no_civ_data: 0 usable pixels at C IV,no_civ_data
66,2MASS J00505073+3536429,2MASS J00505073+3536429,3.0,,measured,135,1,1303,fittable: 135 px at C IV across 1 spectra,
67,QSO B1011-040,QSO B1011-040,3.0,,measured,140,1,1295,fittable: 140 px at C IV across 1 spectra,
68,LEDA 89176,LEDA   89176,0.0,,confirmed,140,1,1216,fittable: 140 px at C IV across 1 spectra,no_civ_data
69,Mrk 1298,Mrk 1298,0.0,,confirmed,140,1,1188,fittable: 140 px at C IV across 1 spectra,no_civ_data
70,Mrk 1502,UGC 00545,2.0,,measured,140,3,3768,fittable: 140 px at C IV across 3 spectra,
71,TON-S180,TON S180,3.0,,measured,140,1,3731,fittable: 140 px at C IV across 1 spectra,
72,Mrk 1513,Mrk 1513,3.0,,measured,140,2,1275,fittable: 140 px at C IV across 2 spectra,
73,LEDA 3095485,LEDA 3095485,3.0,,measured,140,2,1192,fittable: 140 px at C IV across 2 spectra,
74,MR 2251-178,MR 2251-178,3.0,,measured,140,3,3732,fittable: 140 px at C IV across 3 spectra,
75,Mrk 1148,Mrk 1148,3.0,,measured,140,1,1281,fittable: 140 px at C IV across 1 spectra,
76,Ton 951,Ton  951,0.0,0.0,confirmed,0,2,2351,no_civ_data: 0 usable pixels at C IV,insufficient_coverage
77,Mrk 771,Z  99-79,0.0,0.0,confirmed,0,2,402,no_civ_data: 0 usable pixels at C IV,no_civ_data
78,2MASS J16151905-0936132,2MASS J16151905-0936132,0.0,,confirmed,140,1,1222,fittable: 140 px at C IV across 1 spectra,no_civ_data
79,LEDA 88835,2MASX J13251937-382452,3.0,,measured,140,2,3694,fittable: 140 px at C IV across 2 spectra,
80,LEDA 3095694,LEDA 3095694,0.0,,confirmed,141,1,1166,fittable: 141 px at C IV across 1 spectra,no_civ_data
81,Mrk 205,MRK 0205,3.0,,measured,140,2,3762,fittable: 140 px at C IV across 2 spectra,
82,Mrk 478,MRK 0478,3.0,,measured,140,3,3765,fittable: 140 px at C IV across 3 spectra,
83,1RXS J185800.9+485020,1RXS J185800.9+485020,3.0,,measured,140,1,1044,fittable: 140 px at C IV across 1 spectra,
84,LEDA 3096578,LEDA 3096578,0.0,,confirmed,141,1,1158,fittable: 141 px at C IV across 1 spectra,no_civ_data
85,LEDA 2100384,1RXS J004343.6+372521,0.0,,confirmed,140,1,1216,fittable: 140 px at C IV across 1 spectra,no_civ_data
86,PB 3894,PG 1211+143,3.0,,measured,141,3,3767,fittable: 141 px at C IV across 3 spectra,
87,2MASS J12323582+0603098,2MASS J12323582+0603098,0.0,,confirmed,140,1,1167,fittable: 140 px at C IV across 1 spectra,no_civ_data
88,Mrk 1383,Mrk 1383,3.0,,measured,138,1,1010,fittable: 138 px at C IV across 1 spectra,
89,PG1351+640,PG 1351+640,2.0,,measured,140,3,3757,fittable: 140 px at C IV across 3 spectra,
90,LEDA 50824,LEDA   50824,3.0,,measured,140,3,3767,fittable: 140 px at C IV across 3 spectra,
91,Mrk 1501,Mrk 1501,0.0,0.0,confirmed,0,2,2359,no_civ_data: 0 usable pixels at C IV,no_civ_data
92,2MASS J08105865+7602424,2MASS J08105865+7602424,3.0,,measured,140,2,1128,fittable: 140 px at C IV across 2 spectra,
93,2MASS J22484115-5109532,2MASS J22484115-5109532,2.0,,measured,140,1,1129,fittable: 140 px at C IV across 1 spectra,
94,LEDA 10293,LEDA   10293,3.0,,measured,140,1,1055,fittable: 140 px at C IV across 1 spectra,
95,LB 1727,LB  1727,3.0,,measured,141,1,1108,fittable: 141 px at C IV across 1 spectra,
96,PG 1617+175,Mrk  877,1.0,0.0,RECONSIDER - carried as IUE-only but HST data exists,0,1,147,no_civ_data: 0 usable pixels at C IV,iue_only
97,Ton S 210,Ton S 210,0.0,,RECONSIDER - S/N x2.6; +1 spectra,141,2,2109,fittable: 141 px at C IV across 2 spectra,insufficient_coverage;fit_unstable
98,2MASS J12305003+0115226,2MASS J12305003+0115226,2.0,,measured,140,2,1025,fittable: 140 px at C IV across 2 spectra,
99,LEDA 3095439,LEDA 3095439,2.0,,measured,107,1,935,fittable: 107 px at C IV across 1 spectra,
100,SWIFT J2325.6+2157,SWIFT J2325.6+2157,3.0,,measured,140,1,1035,fittable: 140 px at C IV across 1 spectra,
101,LEDA 52314,LEDA   52314,2.0,,measured,140,2,3000,fittable: 140 px at C IV across 2 spectra,
102,QSO J0623-6436,QSO J0623-6436,3.0,,measured,101,1,928,fittable: 101 px at C IV across 1 spectra,
103,Mrk 876,Mrk  876,3.0,,measured,140,2,1012,fittable: 140 px at C IV across 2 spectra,
104,PG1416-129,[HB89] 1416-129,3.0,,measured,140,1,1704,fittable: 140 px at C IV across 1 spectra,
105,MCG+13-07-002,MCG+13-07-002,2.0,,measured,140,1,999,fittable: 140 px at C IV across 1 spectra,
106,QSO B1626+5529,SBS 1626+554,3.0,,measured,141,2,3765,fittable: 141 px at C IV across 2 spectra,
107,ZTF J004818.97+394111.8,2MASS J00481898+3941116,2.0,,measured,140,1,990,fittable: 140 px at C IV across 1 spectra,
108,LEDA 1790,PG 0026+129,2.0,,measured,140,3,3557,fittable: 140 px at C IV across 3 spectra,
109,LEDA 82580,LEDA   82580,0.0,,confirmed,108,1,931,fittable: 108 px at C IV across 1 spectra,low_snr;insufficient_coverage
110,LEDA 3237,PG 0052+251,3.0,,measured,140,3,1622,fittable: 140 px at C IV across 3 spectra,
111,3C 273,3C 273,0.0,,not yet reached,140,3,3536,fittable: 140 px at C IV across 3 spectra,no_civ_data
112,PG1402+261,FBQS J140516.1+255534,3.0,,not yet reached,140,2,3688,fittable: 140 px at C IV across 2 spectra,
113,PG1322+659,PG 1322+659,3.0,,not yet reached,140,2,3637,fittable: 140 px at C IV across 2 spectra,
114,QSO B1725-142,QSO B1725-142,2.0,,not yet reached,140,2,3234,fittable: 140 px at C IV across 2 spectra,
115,2MASS J00435499+4234302,QSO J0043+4234,3.0,,not yet reached,140,1,1993,fittable: 140 px at C IV across 1 spectra,
116,ICRF J213745.1-143255,[HB89] 2135-147,3.0,,not yet reached,140,3,3007,fittable: 140 px at C IV across 3 spectra,
117,OX169,[HB89] 2141+175,3.0,,not yet reached,140,1,3296,fittable: 140 px at C IV across 1 spectra,
118,LBQS1317-0142,LBQS 1317-0142,3.0,,not yet reached,140,1,1454,fittable: 140 px at C IV across 1 spectra,
119,PG0953+415,PG 0953+414,2.0,,not yet reached,140,3,3230,fittable: 140 px at C IV across 3 spectra,
120,LBQS1132-0302,LBQS 1132-0302,3.0,,not yet reached,140,1,1571,fittable: 140 px at C IV across 1 spectra,
121,RXJ0134-42,HE 0132-4313,,,not yet reached,141,1,3740,fittable: 141 px at C IV across 1 spectra,
122,PHL1093,UM 355,,,not yet reached,141,1,3121,fittable: 141 px at C IV across 1 spectra,
123,ICRF J130533.0-103319,PG 1302-102,,,not yet reached,140,3,3083,fittable: 140 px at C IV across 3 spectra,
124,IR0450-2958,IRAS 04505-2958,,,not yet reached,141,1,1516,fittable: 141 px at C IV across 1 spectra,
125,PG1700+518,IRAS 17002+5153,,,not yet reached,140,2,3029,fittable: 140 px at C IV across 2 spectra,
126,J2203+3145,[HB89] 2201+315,,,not yet reached,140,2,3767,fittable: 140 px at C IV across 2 spectra,
127,H1821+643,[HB89] 1821+643,,,not yet reached,140,3,2981,fittable: 140 px at C IV across 3 spectra,
128,4C73-18,[HB89] 1928+738,,,not yet reached,140,1,3003,fittable: 140 px at C IV across 1 spectra,
129,[OKM2018] SWIFT J1104.8+7689,PG 1100+772,,,not yet reached,140,2,3767,fittable: 140 px at C IV across 2 spectra,
130,PKS1451-375,[HB89] 1451-375,,,not yet reached,140,1,1482,fittable: 140 px at C IV across 1 spectra,
131,QSO B1355-4138,[HB89] 1355-416,,,not yet reached,140,2,1444,fittable: 140 px at C IV across 2 spectra,
132,4C 11.72,[HB89] 2251+113,,,not yet reached,140,2,3768,fittable: 140 px at C IV across 2 spectra,
133,PG 1216+069,PG 1216+069,,,not yet reached,141,3,2899,fittable: 141 px at C IV across 3 spectra,
134,QSO B0624+6907,HS 0624+6907,,,not yet reached,140,2,2781,fittable: 140 px at C IV across 2 spectra,
135,1628.5+3808,QSO B1628+380,,,not yet reached,140,1,1545,fittable: 140 px at C IV across 1 spectra,
136,PKS0214+10,[HB89] 0214+108,,,not yet reached,140,1,3768,fittable: 140 px at C IV across 1 spectra,
137,3C215,3C 215,,,not yet reached,140,1,3768,fittable: 140 px at C IV across 1 spectra,
138,PG2308+098,[HB89] 2308+098,,,not yet reached,140,1,2584,fittable: 140 px at C IV across 1 spectra,
139,ICRF J000559.2+160949,PG 0003+158,,,not yet reached,140,2,2534,fittable: 140 px at C IV across 2 spectra,
140,2MASS J21145258+0607423,[HB89] 2112+059,,,not yet reached,140,3,2501,fittable: 140 px at C IV across 3 spectra,
141,QSO B2128-123,[HB89] 2128-123,,,not yet reached,141,2,2390,fittable: 141 px at C IV across 2 spectra,
142,PKS2300-68,[HB89] 2300-683,,,not yet reached,140,1,2343,fittable: 140 px at C IV across 1 spectra,
143,J04561-2159,[HB89] 0454-220,,,not yet reached,140,3,3742,fittable: 140 px at C IV across 3 spectra,
144,Crt A,[HB89] 1136-135,,,not yet reached,141,2,2224,fittable: 141 px at C IV across 2 spectra,
145,PKS0403-13,[HB89] 0403-132,,,not yet reached,140,1,3767,fittable: 140 px at C IV across 1 spectra,
146,MC0042+101,[HB89] 0042+101,,,not yet reached,140,1,2135,fittable: 140 px at C IV across 1 spectra,
147,QSO J0441-4313,[HB89] 0439-433,,,not yet reached,140,3,2125,fittable: 140 px at C IV across 3 spectra,
148,3C 95,3C 095,,,not yet reached,140,2,2063,fittable: 140 px at C IV across 2 spectra,
149,87GB 004432.0+030343,PG 0044+030,,,not yet reached,140,2,2046,fittable: 140 px at C IV across 2 spectra,
150,PKS2243-123,[HB89] 2243-123,,,not yet reached,140,1,2034,fittable: 140 px at C IV across 1 spectra,
151,ICRF J113957.0+654749,3C 263,,,not yet reached,140,2,3620,fittable: 140 px at C IV across 2 spectra,
152,QSO J0635-7516,[HB89] 0637-752,,,not yet reached,140,2,1969,fittable: 140 px at C IV across 2 spectra,
153,ICRF J020157.1-113233,3C 057,,,not yet reached,140,2,1909,fittable: 140 px at C IV across 2 spectra,
154,PKS2344+09,[HB89] 2344+092,,,not yet reached,140,1,1918,fittable: 140 px at C IV across 1 spectra,
155,3C110,3C 110,,,not yet reached,140,1,1659,fittable: 140 px at C IV across 1 spectra,
156,ICRF J013738.3-243053,[HB89] 0135-247,,,not yet reached,140,1,1349,fittable: 140 px at C IV across 1 spectra,
157,3C 454.3,3C 454.3,,,not yet reached,140,2,3749,fittable: 140 px at C IV across 2 spectra,
158,PKS2216-03,[HB89] 2216-038,,,not yet reached,140,1,3000,fittable: 140 px at C IV across 1 spectra,
159,PKS0420-01,[HB89] 0420-014,,,not yet reached,141,2,1312,fittable: 141 px at C IV across 2 spectra,
160,WAS 49,7C 121146.50+294816.00,1.0,1.0,not yet reached,0,0,0,iue_only: no HST observation in the archive,iue_only
161,2MASX J14510879+2709272,2MASX J14510879+2709272,,,not yet reached,141,2,3704,fittable: 141 px at C IV across 2 spectra,
162,QSO1419+48,LEDA  140305,1.0,1.0,not yet reached,0,0,0,iue_only: no HST observation in the archive,iue_only
163,OQ208,Mrk  668,,,not yet reached,140,1,2672,fittable: 140 px at C IV across 1 spectra,
164,LEDA 138607,LEDA  138607,,,not yet reached,140,1,1207,fittable: 140 px at C IV across 1 spectra,
165,3C 227,ATO J146.9381+07.4223,1.0,1.0,not yet reached,0,0,0,iue_only: no HST observation in the archive,iue_only
166,Ton 730,Ton  730,,0.0,not yet reached,0,2,0,no_civ_data: 0 usable pixels at C IV,
167,IRAS04416+1215,LEDA 2816425,,,not yet reached,140,1,1238,fittable: 140 px at C IV across 1 spectra,
168,PG1404+226,PG 1404+226,,,not yet reached,140,2,3696,fittable: 140 px at C IV across 2 spectra,
169,Mrk813,MRK 0813,,,not yet reached,140,1,1512,fittable: 140 px at C IV across 1 spectra,
170,LEDA 51016,PG 1415+451,,,not yet reached,140,3,3668,fittable: 140 px at C IV across 3 spectra,
171,6C 134441+623604,6C 134441+623604,,0.0,not yet reached,0,2,687,no_civ_data: 0 usable pixels at C IV,
172,Q 0906+484,2MASX J09101004+4813419,1.0,1.0,not yet reached,0,0,0,iue_only: no HST observation in the archive,iue_only
173,2MASX J13053451+1819328,ZW VIII 233,,,not yet reached,140,2,1551,fittable: 140 px at C IV across 2 spectra,
174,PG1552+085,LEDA   56356,,,not yet reached,140,1,3271,fittable: 140 px at C IV across 1 spectra,
175,ATO J117.7559+29.2386,ATO J117.7559+29.2386,,,not yet reached,140,1,1217,fittable: 140 px at C IV across 1 spectra,
176,LEDA 2816068,LEDA 2816068,,,not yet reached,140,1,1237,fittable: 140 px at C IV across 1 spectra,
177,Mrk 106,Mrk  106,,,not yet reached,140,1,1034,fittable: 140 px at C IV across 1 spectra,
178,2MASS J15213967+0337292,2MASS J15213967+0337292,,,not yet reached,112,1,938,fittable: 112 px at C IV across 1 spectra,
179,LEDA 3096080,LEDA 3096080,,,not yet reached,91,1,918,fittable: 91 px at C IV across 1 spectra,
180,J16142+2604,[HB89] 1612+261,,,not yet reached,140,1,1508,fittable: 140 px at C IV across 1 spectra,
181,LEDA 3095555,LEDA 3095555,,,not yet reached,140,1,995,fittable: 140 px at C IV across 1 spectra,
182,2MASS J10233966+5233496,2MASS J10233966+5233496,,,not yet reached,140,1,1172,fittable: 140 px at C IV across 1 spectra,
183,LEDA 54782,LEDA   54782,,,not yet reached,140,1,3340,fittable: 140 px at C IV across 1 spectra,
184,LEDA 3095898,LEDA 3095898,,,not yet reached,141,1,974,fittable: 141 px at C IV across 1 spectra,
185,2MASS J08010140+1848409,2MASS J08010140+1848409,,,not yet reached,140,2,3349,fittable: 140 px at C IV across 2 spectra,
186,LEDA 1440438,LEDA 1440438,,,not yet reached,140,1,969,fittable: 140 px at C IV across 1 spectra,
187,LEDA 34449,PG 1114+445,,,not yet reached,140,2,3768,fittable: 140 px at C IV across 2 spectra,
188,1635+119,LEDA 3096499,1.0,1.0,not yet reached,0,0,0,iue_only: no HST observation in the archive,iue_only
189,2MASS J00534614+2232224,2MASS J00534614+2232224,,,not yet reached,107,1,930,fittable: 107 px at C IV across 1 spectra,
190,2MASSI-J091848.6+211717,2MASSI J0918486+211717,,,not yet reached,140,1,3116,fittable: 140 px at C IV across 1 spectra,
191,2MASS J13571260+1704439,2MASS J13571260+1704439,,,not yet reached,104,1,930,fittable: 104 px at C IV across 1 spectra,
192,PB 4142,PG 1352+183,,,not yet reached,140,2,3765,fittable: 140 px at C IV across 2 spectra,
193,3C 332.0,3C 332.0,,,not yet reached,141,2,3538,fittable: 141 px at C IV across 2 spectra,
194,SDSSJ112114.22+032546.7,2MASS J11211423+0325466,,,not yet reached,99,1,927,fittable: 99 px at C IV across 1 spectra,
195,LEDA 34570,PG 1115+407,,,not yet reached,140,2,3768,fittable: 140 px at C IV across 2 spectra,
196,LEDA 45656,PG 1307+085,,,not yet reached,140,3,1622,fittable: 140 px at C IV across 3 spectra,
197,LEDA 29208,PG 1001+054,,,not yet reached,140,2,3767,fittable: 140 px at C IV across 2 spectra,
198,Mrk 1014,Mrk 1014,,0.0,not yet reached,0,2,17,no_civ_data: 0 usable pixels at C IV,
199,2MASS J01553002-0857040,2MASS J01553002-0857040,,,not yet reached,140,2,1153,fittable: 140 px at C IV across 2 spectra,
200,LEDA 38224,GQ Com,,,not yet reached,140,2,3485,fittable: 140 px at C IV across 2 spectra,
201,QSO B1048+342,QSO B1048+342,,,not yet reached,140,2,3451,fittable: 140 px at C IV across 2 spectra,
202,2MASSI-J165939.7+183436,LEDA 3096524,,,not yet reached,140,1,3768,fittable: 140 px at C IV across 1 spectra,
203,[OKM2018] SWIFT J0056.9+1472,[OKM2018] SWIFT J0056.9+1472,,,not yet reached,140,1,2169,fittable: 140 px at C IV across 1 spectra,
204,OJ 49,QSO B0829+047,1.0,1.0,not yet reached,0,0,0,iue_only: no HST observation in the archive,iue_only
205,ICRF J235156.1-010913,[HB89] 2349-014,,,not yet reached,140,2,1605,fittable: 140 px at C IV across 2 spectra,
206,Ton 1388,PG 1116+215,,,not yet reached,140,3,3766,fittable: 140 px at C IV across 3 spectra,
207,PG 1151+117,2MASS J11534927+1128306,1.0,1.0,not yet reached,0,0,0,iue_only: no HST observation in the archive,iue_only
208,LEDA 3095876,LEDA 3095876,,0.0,not yet reached,0,1,746,no_civ_data: 0 usable pixels at C IV,
209,ICRF J103059.0+310255,FBQS J103059.1+310255,,,not yet reached,141,2,3441,fittable: 141 px at C IV across 2 spectra,
210,2MASS J08013157+3544362,2MASS J08013157+3544362,,0.0,not yet reached,0,1,513,no_civ_data: 0 usable pixels at C IV,
211,2MASS J17144850+3327383,2MASS J17144850+3327383,,,not yet reached,140,2,974,fittable: 140 px at C IV across 2 spectra,
212,Ton 1565,FBQS J131217.7+351521,,,not yet reached,140,3,3761,fittable: 140 px at C IV across 3 spectra,
213,RX J1131.6+1557,RX J1131.6+1557,,0.0,not yet reached,0,1,0,no_civ_data: 0 usable pixels at C IV,
214,2MASS J09392289+3709438,2MASS J09392289+3709438,,,not yet reached,82,1,909,fittable: 82 px at C IV across 1 spectra,
215,ZTF J140251.20+263117.6,2MASS J14025120+2631175,,,not yet reached,140,1,1011,fittable: 140 px at C IV across 1 spectra,
216,2MASS J12514225+2404355,2MASS J12514225+2404355,,,not yet reached,140,2,1058,fittable: 140 px at C IV across 2 spectra,
217,Ton 1057,Ton  1057,,,not yet reached,140,1,1265,fittable: 140 px at C IV across 1 spectra,
218,LEDA 994116,LEDA  994116,,,not yet reached,140,1,1435,fittable: 140 px at C IV across 1 spectra,
219,2MASS J12253479-0247571,2MASS J12253479-0247571,,,not yet reached,140,1,1213,fittable: 140 px at C IV across 1 spectra,
220,2MASS J10215235+4645158,2MASS J10215235+4645158,,0.0,not yet reached,0,1,289,no_civ_data: 0 usable pixels at C IV,
221,2MASS J08355346+0553171,2MASS J08355346+0553171,,,not yet reached,83,1,911,fittable: 83 px at C IV across 1 spectra,
222,LEDA 2149945,PG 0947+396,,,not yet reached,140,2,3751,fittable: 140 px at C IV across 2 spectra,
223,2MASS J13205941+2957282,2MASS J13205941+2957282,,,not yet reached,140,1,1141,fittable: 140 px at C IV across 1 spectra,
224,2MASS J14441467+0633067,2MASS J14441467+0633067,,,not yet reached,141,1,1066,fittable: 141 px at C IV across 1 spectra,
225,2MASS J10074455+5007467,2MASS J10074455+5007467,,,not yet reached,140,1,1156,fittable: 140 px at C IV across 1 spectra,
226,E1423+201,LEDA 1610278,,0.0,not yet reached,0,1,0,no_civ_data: 0 usable pixels at C IV,
227,2MASS J02201457-0728591,2MASS J02201457-0728591,,,not yet reached,90,1,917,fittable: 90 px at C IV across 1 spectra,
228,2MASS J09503674+5128382,2MASS J09503674+5128382,,0.0,not yet reached,0,1,441,no_civ_data: 0 usable pixels at C IV,
229,SDSS J121044.09+164533.1,SDSS J121044.09+164533.1,,,not yet reached,140,1,860,fittable: 140 px at C IV across 1 spectra,
230,2MASS J15322879+0453581,2MASS J15322879+0453581,,,not yet reached,140,1,987,fittable: 140 px at C IV across 1 spectra,
231,2MASS J09460395+0139235,2MASS J09460395+0139235,,0.0,not yet reached,0,2,1019,no_civ_data: 0 usable pixels at C IV,
232,2MASS J14294306+4747262,[HB89] 1427+480,,,not yet reached,140,2,3286,fittable: 140 px at C IV across 2 spectra,
233,2MASS J11243917+4201450,PG 1121+422,,,not yet reached,141,2,1620,fittable: 141 px at C IV across 2 spectra,
234,QSO J0936+5331,QSO J0936+5331,,0.0,not yet reached,0,2,1047,no_civ_data: 0 usable pixels at C IV,
235,2MASX J00122399-1022269,2MASX J00122399-1022269,,,not yet reached,38,2,1143,fittable: 38 px at C IV across 2 spectra,
236,2MASS J16171142+0638333,2MASS J16171142+0638333,,0.0,not yet reached,18,1,1101,no_civ_data: 18 usable pixels at C IV,
237,2MASS J16595894+6202181,2MASS J16595894+6202181,,,not yet reached,140,1,1325,fittable: 140 px at C IV across 1 spectra,
238,LBQS0003+0146,LBQS 0003+0146,,,not yet reached,140,1,1378,fittable: 140 px at C IV across 1 spectra,
239,2MASS J09215939+4509126,2MASS J09215939+4509126,,,not yet reached,140,1,1068,fittable: 140 px at C IV across 1 spectra,
240,[VV2006] J075620.1+304535,[VV2006] J075620.1+304535,,0.0,not yet reached,4,1,1151,no_civ_data: 4 usable pixels at C IV,
241,LBQS-1338-0038,LBQS 1338-0038,,,not yet reached,141,1,1008,fittable: 141 px at C IV across 1 spectra,
242,RM790,SDSS J141729.27+531826.5,,,not yet reached,140,1,2859,fittable: 140 px at C IV across 1 spectra,
243,Q 1217+023,QSO B1217+023,,0.0,not yet reached,0,1,564,no_civ_data: 0 usable pixels at C IV,
244,4C 13.41,4C 13.41,,,not yet reached,140,2,2992,fittable: 140 px at C IV across 2 spectra,
245,RM840,SDSS J141645.15+542540.7,,,not yet reached,140,1,2910,fittable: 140 px at C IV across 1 spectra,
246,2MASSI J0859463+274534,2MASSI J0859463+274534,,,not yet reached,140,1,3010,fittable: 140 px at C IV across 1 spectra,
247,2MASS J10115298+5442063,2MASS J10115298+5442063,,0.0,not yet reached,0,1,623,no_civ_data: 0 usable pixels at C IV,
248,RM772,Anon J142135+5231,,,not yet reached,140,1,2198,fittable: 140 px at C IV across 1 spectra,
249,ATO J115.9667+27.2109,Ton  3,,,not yet reached,141,1,3760,fittable: 141 px at C IV across 1 spectra,
250,Q 1525+227,LB  9743,1.0,1.0,not yet reached,0,0,0,iue_only: no HST observation in the archive,iue_only
251,US 1329,US 1329,,0.0,not yet reached,0,1,0,no_civ_data: 0 usable pixels at C IV,
252,J0833+1005-OFFNUCLEUS,SDSS J083315.08+100052.3,,0.0,not yet reached,0,1,270,no_civ_data: 0 usable pixels at C IV,
253,Ton 488,Ton  488,,,not yet reached,140,2,3764,fittable: 140 px at C IV across 2 spectra,
254,2MASS J08434975+2619106,HS 0840+2630,,,not yet reached,140,1,1607,fittable: 140 px at C IV across 1 spectra,
255,2MASS J11575874-0022208,2MASS J11575874-0022208,,,not yet reached,140,1,1261,fittable: 140 px at C IV across 1 spectra,
256,2MASS J14162560+5354386,2MASS J14162560+5354386,,,not yet reached,140,1,2969,fittable: 140 px at C IV across 1 spectra,
257,RM781,SDSS J142103.53+515819.4,,,not yet reached,141,1,2881,fittable: 141 px at C IV across 1 spectra,
258,ICRF J154743.5+205216,PG 1545+210,,,not yet reached,140,2,3767,fittable: 140 px at C IV across 2 spectra,
259,RM320,SDSS J142038.52+532416.4,,,not yet reached,140,1,2978,fittable: 140 px at C IV across 1 spectra,
260,ATO J200.4373+03.5154,ATO J200.4373+03.5154,,,not yet reached,140,1,1579,fittable: 140 px at C IV across 1 spectra,
261,2MASS J14464593+4035057,[HB89] 1444+407,,,not yet reached,140,2,3100,fittable: 140 px at C IV across 2 spectra,
262,SDSSJ1602+1410,SDSS J160211.49+141053.4,,0.0,not yet reached,0,1,0,no_civ_data: 0 usable pixels at C IV,
263,2MASS J12465925+3126196,2MASS J12465925+3126196,,0.0,not yet reached,0,1,0,no_civ_data: 0 usable pixels at C IV,
264,2MASS J12140133+4048233,2MASS J12140133+4048233,,0.0,not yet reached,0,1,0,no_civ_data: 0 usable pixels at C IV,
265,2MASS J08042265+1926386,2MASS J08042265+1926386,,0.0,not yet reached,0,1,0,no_civ_data: 0 usable pixels at C IV,
266,2MASS J13042289+2055107,2MASS J13042289+2055107,,0.0,not yet reached,0,1,16,no_civ_data: 0 usable pixels at C IV,
267,2MASS J17185029+3042017,2MASS J17185029+3042017,,0.0,not yet reached,0,1,0,no_civ_data: 0 usable pixels at C IV,
268,PB 3493,PB  3493,,0.0,not yet reached,0,1,0,no_civ_data: 0 usable pixels at C IV,
269,2MASS J09224506+3032585,2MASS J09224506+3032585,,0.0,not yet reached,0,1,0,no_civ_data: 0 usable pixels at C IV,
270,2MASS J12210891+4228388,2MASS J12210891+4228388,,0.0,not yet reached,0,1,0,no_civ_data: 0 usable pixels at C IV,
271,RM822,SDSS J141308.12+515210.5,,,not yet reached,140,1,2900,fittable: 140 px at C IV across 1 spectra,
272,2MASS J11190530+5925140,2MASS J11190530+5925140,,0.0,not yet reached,0,1,397,no_civ_data: 0 usable pixels at C IV,
273,SBSG 0924+606B,SBSG 0924+606B,,,not yet reached,120,1,948,fittable: 120 px at C IV across 1 spectra,
274,FBQS J2226-0901,FBQS J2226-0901,,0.0,not yet reached,0,1,0,no_civ_data: 0 usable pixels at C IV,
275,2MASS J08525922+0313207,2MASS J08525922+0313207,,,not yet reached,140,1,1675,fittable: 140 px at C IV across 1 spectra,
276,2MASS J08453328+4749345,2MASS J08453328+4749345,,,not yet reached,140,1,2854,fittable: 140 px at C IV across 1 spectra,
277,Q1311+0217,2MASS J13142650+0201157,,,not yet reached,140,1,1456,fittable: 140 px at C IV across 1 spectra,
278,2E 2879,SBS 1250+568,,,not yet reached,141,2,3749,fittable: 141 px at C IV across 2 spectra,
279,IR1402+43,PB  1309,,,not yet reached,141,1,2953,fittable: 141 px at C IV across 1 spectra,
280,2MASS J22360767+1343554,2MASS J22360767+1343554,,,not yet reached,140,2,2753,fittable: 140 px at C IV across 2 spectra,
281,LBQS 1340-0038,LBQS 1340-0038,,,not yet reached,140,2,1406,fittable: 140 px at C IV across 2 spectra,
282,Ton 28,PG 1001+291,,,not yet reached,140,3,3763,fittable: 140 px at C IV across 3 spectra,
283,LB2136,SBS 1150+497,,,not yet reached,140,1,2900,fittable: 140 px at C IV across 1 spectra,
284,2MASS J14314604+0301444,2MASS J14314604+0301444,,0.0,not yet reached,0,1,0,no_civ_data: 0 usable pixels at C IV,
285,TEX1156+213,[HB89] 1156+213,,,not yet reached,141,1,2853,fittable: 141 px at C IV across 1 spectra,
286,RM160,SDSS J141041.25+531848.9,,,not yet reached,141,1,2630,fittable: 141 px at C IV across 1 spectra,
287,PG 1049-005,PG 1049-005,,,not yet reached,140,3,2810,fittable: 140 px at C IV across 3 spectra,
288,B20110+29,4C 29.02,,,not yet reached,140,1,2712,fittable: 140 px at C IV across 1 spectra,
289,RM782,SDSS J141318.96+543202.4,,,not yet reached,140,1,2646,fittable: 140 px at C IV across 1 spectra,
290,Ton 202,[HB89] 1425+267,,,not yet reached,140,3,3765,fittable: 140 px at C IV across 3 spectra,
291,J15147+3650,[HB89] 1512+370,,,not yet reached,140,1,2775,fittable: 140 px at C IV across 1 spectra,
292,3C351,SBS 1704+608,,,not yet reached,140,2,2770,fittable: 140 px at C IV across 2 spectra,
293,Q1214+1804,LBQS 1214+1804,,,not yet reached,141,1,1255,fittable: 141 px at C IV across 1 spectra,
294,Q1130+6026,SDSS J113002.99+602628.4,,0.0,not yet reached,0,1,0,no_civ_data: 0 usable pixels at C IV,
295,LB 10203,LB 10203,,0.0,not yet reached,0,2,1682,no_civ_data: 0 usable pixels at C IV,
296,LBQS1138+0204,LBQS 1138+0204,,,not yet reached,140,1,1230,fittable: 140 px at C IV across 1 spectra,
297,LBQS1144-0115,LBQS 1144-0115,,,not yet reached,140,1,1230,fittable: 140 px at C IV across 1 spectra,
298,QSO J1536+0441,QSO J1536+0441,,,not yet reached,135,1,2256,fittable: 135 px at C IV across 1 spectra,
299,LBQS 0100+0205,LBQS 0100+0205,,,not yet reached,140,2,1226,fittable: 140 px at C IV across 2 spectra,
300,2MASS J11191611+1101069,2MASS J11191611+1101069,,,not yet reached,115,1,2126,fittable: 115 px at C IV across 1 spectra,
301,1628.6+3806,[HB89] 1628+380,,,not yet reached,141,1,1511,fittable: 141 px at C IV across 1 spectra,
302,2MASS J01395577+0619225,2MASS J01395577+0619225,,,not yet reached,140,1,2560,fittable: 140 px at C IV across 1 spectra,
303,2MASS J07505172+2454095,2MASS J07505172+2454095,,,not yet reached,140,1,3768,fittable: 140 px at C IV across 1 spectra,
304,QSO B1544+4855,[HB89] 1543+489,,,not yet reached,140,3,1352,fittable: 140 px at C IV across 3 spectra,
305,LBQS0017+0209,LBQS 0017+0209,,,not yet reached,140,1,3742,fittable: 140 px at C IV across 1 spectra,
306,LBQS1230+0947,LBQS 1230+0947,,,not yet reached,140,1,1124,fittable: 140 px at C IV across 1 spectra,
307,2MASS J13304515+2813216,2MASS J13304515+2813216,,0.0,not yet reached,0,1,621,no_civ_data: 0 usable pixels at C IV,
308,4C61.20,[HB89] 1049+616,,,not yet reached,140,1,1459,fittable: 140 px at C IV across 1 spectra,
309,2MASS J15434073+1128015,2MASS J15434073+1128015,,,not yet reached,140,1,2137,fittable: 140 px at C IV across 1 spectra,
310,4C 10.30,2E  2370,,0.0,not yet reached,0,1,0,no_civ_data: 0 usable pixels at C IV,
311,[HB91] 1410+525,[HB91] 1410+525,,,not yet reached,140,1,2465,fittable: 140 px at C IV across 1 spectra,
312,QSO B1103-006,QSO B1103-006,,,not yet reached,140,2,2605,fittable: 140 px at C IV across 2 spectra,
313,QSO J1435+3604,QSO J1435+3604,,,not yet reached,141,1,2067,fittable: 141 px at C IV across 1 spectra,
314,1401+0951,2MASS J14041058+0937451,,,not yet reached,140,1,1058,fittable: 140 px at C IV across 1 spectra,
315,87GB 121807.5+173455,87GB 121807.5+173455,,,not yet reached,140,1,2040,fittable: 140 px at C IV across 1 spectra,
316,OI-287,QSO J0755+2542,,,not yet reached,140,1,1036,fittable: 140 px at C IV across 1 spectra,
317,LBQS 1235+1807,LBQS 1235+1807,,,not yet reached,140,1,2348,fittable: 140 px at C IV across 1 spectra,
318,SDSS J143443.68+200524.4,SDSS J143443.68+200524.4,,,not yet reached,140,1,2051,fittable: 140 px at C IV across 1 spectra,
319,QSO J1009+0713,QSO J1009+0713,,,not yet reached,140,1,2057,fittable: 140 px at C IV across 1 spectra,
320,RM101,SDSS J141214.20+532546.7,,,not yet reached,140,1,2346,fittable: 140 px at C IV across 1 spectra,
321,US 737,US  737,,,not yet reached,140,1,2207,fittable: 140 px at C IV across 1 spectra,
322,CSO 606,CSO  606,,,not yet reached,140,1,2191,fittable: 140 px at C IV across 1 spectra,
323,2MASS J08333293+1644110,2MASS J08333293+1644110,,,not yet reached,140,1,2200,fittable: 140 px at C IV across 1 spectra,
324,[VV2006] J123734.4+444731,[VV2006] J123734.4+444731,,,not yet reached,140,2,2198,fittable: 140 px at C IV across 2 spectra,
325,FBQSJ074541.6+314256,FBQS J074541.6+314256,,,not yet reached,140,1,2502,fittable: 140 px at C IV across 1 spectra,
326,QSO J0910+1014,QSO J0910+1014,,0.0,not yet reached,0,1,336,no_civ_data: 0 usable pixels at C IV,
327,PB 3456,PB  3456,,,not yet reached,140,1,2172,fittable: 140 px at C IV across 1 spectra,
328,CSO 1075,CSO 1075,,,not yet reached,140,1,2194,fittable: 140 px at C IV across 1 spectra,
329,2MASS J11113865+5750298,2MASS J11113865+5750298,,,not yet reached,140,1,2183,fittable: 140 px at C IV across 1 spectra,
330,RM720,SDSS J140518.02+531530.1,,,not yet reached,140,1,2327,fittable: 140 px at C IV across 1 spectra,
331,QSO J1154+0134,QSO J1154+0134,,0.0,not yet reached,0,1,1124,no_civ_data: 0 usable pixels at C IV,
332,RM229,SDSS J141018.04+532937.4,,,not yet reached,140,1,2325,fittable: 140 px at C IV across 1 spectra,
333,QSO J0820+2334,QSO J0820+2334,,,not yet reached,140,2,2178,fittable: 140 px at C IV across 2 spectra,
334,QSO J1619+3342,QSO J1619+3342,,0.0,not yet reached,0,1,330,no_civ_data: 0 usable pixels at C IV,
335,LBQS 1230-0015,LBQS 1230-0015,,,not yet reached,140,1,2036,fittable: 140 px at C IV across 1 spectra,
336,CXOMP J141123.4+521331,CXOMP J141123.4+521331,,,not yet reached,140,1,2312,fittable: 140 px at C IV across 1 spectra,
337,[VV2000] J113923.7+002301,[VV2000] J113923.7+002301,,,not yet reached,140,1,2149,fittable: 140 px at C IV across 1 spectra,
338,[VV98] J102847.0+391758,[VV98] J102847.0+391758,,0.0,not yet reached,0,1,331,no_civ_data: 0 usable pixels at C IV,
339,QSO J1122+0318,QSO J1122+0318,,,not yet reached,140,2,2151,fittable: 140 px at C IV across 2 spectra,
340,PG1259+593,SBS 1259+593,,,not yet reached,140,3,2452,fittable: 140 px at C IV across 3 spectra,
341,US 1786,US 1786,,,not yet reached,140,2,2146,fittable: 140 px at C IV across 2 spectra,
342,2MASS J15265460+5655124,2MASS J15265460+5655124,,,not yet reached,140,1,2122,fittable: 140 px at C IV across 1 spectra,
343,3XMM J141724.5+523025,3XMM J141724.5+523025,,,not yet reached,140,1,2286,fittable: 140 px at C IV across 1 spectra,
344,RX J1119.7+5951,RX J1119.7+5951,,,not yet reached,140,1,2109,fittable: 140 px at C IV across 1 spectra,
345,[VV2006] J083510.4+035901,[VV2006] J083510.4+035901,,,not yet reached,140,1,2080,fittable: 140 px at C IV across 1 spectra,
346,PB 8142,PB  8142,,,not yet reached,140,1,2108,fittable: 140 px at C IV across 1 spectra,
347,LB 10193,LB 10193,,,not yet reached,141,1,2097,fittable: 141 px at C IV across 1 spectra,
348,2MASS J08265888+0611428,2MASS J08265888+0611428,,,not yet reached,140,1,2090,fittable: 140 px at C IV across 1 spectra,
349,QSO J1550+4001,QSO J1550+4001,,0.0,not yet reached,0,1,1275,no_civ_data: 0 usable pixels at C IV,
350,2MASS J13470152+2154008,2MASS J13470152+2154008,,,not yet reached,140,1,2079,fittable: 140 px at C IV across 1 spectra,
351,[VV96] J125415.5+480850,[VV96] J125415.5+480850,,,not yet reached,141,1,2081,fittable: 141 px at C IV across 1 spectra,
352,2MASS J10005499+2622423,2MASS J10005499+2622423,,,not yet reached,140,1,2064,fittable: 140 px at C IV across 1 spectra,
353,Ton 1329,Ton  1329,,,not yet reached,140,1,1944,fittable: 140 px at C IV across 1 spectra,
354,1130+106Y,QSO B1130+111,,,not yet reached,140,1,2357,fittable: 140 px at C IV across 1 spectra,
355,PB 6739,PB  6739,,0.0,not yet reached,0,1,89,no_civ_data: 0 usable pixels at C IV,
356,QSO0020+287,SDSS J002037.93+284231.3,,,not yet reached,140,1,1688,fittable: 140 px at C IV across 1 spectra,
357,US 1867,[HB89] 0850+440,,,not yet reached,141,2,2346,fittable: 141 px at C IV across 2 spectra,
358,2MASS J15583777+0813455,2MASS J15583777+0813455,,,not yet reached,140,2,2041,fittable: 140 px at C IV across 2 spectra,
359,[VV2006] J234145.5-004640,[VV2006] J234145.5-004640,,,not yet reached,140,1,2012,fittable: 140 px at C IV across 1 spectra,
360,QSO J1133+0327,QSO J1133+0327,,,not yet reached,140,2,2010,fittable: 140 px at C IV across 2 spectra,
361,RM305,SDSS J141004.27+523141.0,,,not yet reached,140,1,2152,fittable: 140 px at C IV across 1 spectra,
362,Ton 469,3C 232,,,not yet reached,140,3,3768,fittable: 140 px at C IV across 3 spectra,
363,RM694,SDSS J141706.67+514340.2,,,not yet reached,140,1,2138,fittable: 140 px at C IV across 1 spectra,
364,2MASS J10332064+2740242,2MASS J10332064+2740242,,,not yet reached,140,1,1986,fittable: 140 px at C IV across 1 spectra,
365,US 1766,US 1766,,,not yet reached,134,1,1797,fittable: 134 px at C IV across 1 spectra,
366,RM301,SDSS J142010.24+524029.6,,,not yet reached,141,1,2083,fittable: 141 px at C IV across 1 spectra,
367,LBQS 1222+1640,LBQS 1222+1640,,0.0,not yet reached,0,1,1071,no_civ_data: 0 usable pixels at C IV,
368,TON156,Ton  156,,,not yet reached,140,1,2244,fittable: 140 px at C IV across 1 spectra,
369,2MASS J09145142+4219570,2MASS J09145142+4219570,,,not yet reached,140,1,1934,fittable: 140 px at C IV across 1 spectra,
370,PG1333+176,PB  4007,,,not yet reached,140,1,2235,fittable: 140 px at C IV across 1 spectra,
371,3C334.0,3C 334,,,not yet reached,140,1,3767,fittable: 140 px at C IV across 1 spectra,
372,NGC2841UB3,NGC 2841 UB3,,,not yet reached,141,1,2226,fittable: 141 px at C IV across 1 spectra,
373,2MASS J10051419+5302398,2MASS J10051419+5302398,,0.0,not yet reached,0,1,0,no_civ_data: 0 usable pixels at C IV,
374,QSO J0943+0531,QSO J0943+0531,,,not yet reached,140,1,1472,fittable: 140 px at C IV across 1 spectra,
375,RM622,SDSS J141115.18+515208.9,,,not yet reached,140,1,2048,fittable: 140 px at C IV across 1 spectra,
376,QSO J1028+4500,QSO J1028+4500,,0.0,not yet reached,0,1,1234,no_civ_data: 0 usable pixels at C IV,
377,QSO J1241+5721,QSO J1241+5721,,,not yet reached,140,1,1781,fittable: 140 px at C IV across 1 spectra,
378,RM267,SDSS J141112.71+534507.1,,,not yet reached,141,1,1983,fittable: 141 px at C IV across 1 spectra,
379,0152+0023,2MASS J01524975+0023145,,,not yet reached,140,1,1977,fittable: 140 px at C IV across 1 spectra,
380,J11586+6254,[HB89] 1156+631,,,not yet reached,140,1,1687,fittable: 140 px at C IV across 1 spectra,
381,3C345,3C 345,,,not yet reached,140,1,3767,fittable: 140 px at C IV across 1 spectra,
382,[VV2006] J142927.3+523849,[VV2006] J142927.3+523849,,0.0,not yet reached,0,1,1820,no_civ_data: 0 usable pixels at C IV,
383,QSO1348+263,QSO1348+263,,,not yet reached,140,1,1688,fittable: 140 px at C IV across 1 spectra,
384,3C281,3C 281,,,not yet reached,140,1,2100,fittable: 140 px at C IV across 1 spectra,
385,4C41.21,FBQS J101027.5+413238,,,not yet reached,140,1,2069,fittable: 140 px at C IV across 1 spectra,
386,Ton 1480,Ton  1480,,,not yet reached,140,2,1625,fittable: 140 px at C IV across 2 spectra,
387,MC1104+167,[HB89] 1104+167,,,not yet reached,141,1,2018,fittable: 141 px at C IV across 1 spectra,
388,ICRF J074110.7+311200,6C 073759+311929,,,not yet reached,33,2,861,fittable: 33 px at C IV across 2 spectra,
389,QSO J1112+3539,QSO J1112+3539,,,not yet reached,140,1,1326,fittable: 140 px at C IV across 1 spectra,
390,RM300,SDSS J141941.10+533649.6,,,not yet reached,140,1,1845,fittable: 140 px at C IV across 1 spectra,
391,0115+027,ICRF J011818.4+025805,,,not yet reached,141,1,1927,fittable: 141 px at C IV across 1 spectra,
392,3C216-0,3C 216.0,,,not yet reached,140,1,1921,fittable: 140 px at C IV across 1 spectra,
393,[VV2006] J142052.4+525621,[VV2006] J142052.4+525621,,,not yet reached,141,1,1738,fittable: 141 px at C IV across 1 spectra,
394,3C207,3C 207,,,not yet reached,140,1,3519,fittable: 140 px at C IV across 1 spectra,
395,RM746,SDSS J141720.29+514032.5,,,not yet reached,140,1,1695,fittable: 140 px at C IV across 1 spectra,
396,MC1118+12,4C 12.40,,,not yet reached,140,2,3524,fittable: 140 px at C IV across 2 spectra,
397,J09270+3902,[HB89] 0923+392,,,not yet reached,140,1,3498,fittable: 140 px at C IV across 1 spectra,
398,QSO J1715+5747,QSO J1715+5747,,,not yet reached,140,1,1702,fittable: 140 px at C IV across 1 spectra,
399,[VV2006] J095632.5+512824,[VV2006] J095632.5+512824,,,not yet reached,140,1,1655,fittable: 140 px at C IV across 1 spectra,
400,[OKM2018] SWIFT J1357.0+1929,[HB89] 1354+195,,,not yet reached,140,2,3436,fittable: 140 px at C IV across 2 spectra,
401,4C29.45,Ton  599,,,not yet reached,140,1,3419,fittable: 140 px at C IV across 1 spectra,
402,3C254,3C 254,,,not yet reached,140,1,3367,fittable: 140 px at C IV across 1 spectra,
403,QSO J0914+2823,QSO J0914+2823,,,not yet reached,140,1,1615,fittable: 140 px at C IV across 1 spectra,
404,0107-0019,2MASS J01073702-0019115,,,not yet reached,140,1,1603,fittable: 140 px at C IV across 1 spectra,
405,QSO J1047-0047,QSO J1047-0047,,,not yet reached,140,1,1569,fittable: 140 px at C IV across 1 spectra,
406,2QZ J111054.9+004853,2QZ J111054.9+004853,,,not yet reached,140,1,1517,fittable: 140 px at C IV across 1 spectra,
407,LBQS 2350-0045B,LBQS 2350-0045B,,,not yet reached,140,1,1536,fittable: 140 px at C IV across 1 spectra,
408,0959+68W1,QSO B0959+6827,,,not yet reached,140,1,1667,fittable: 140 px at C IV across 1 spectra,
409,PG1538+477,[HB89] 1538+477,,,not yet reached,140,1,1665,fittable: 140 px at C IV across 1 spectra,
410,7C 143544.20+505906.00,7C 143544.20+505906.00,,,not yet reached,140,1,932,fittable: 140 px at C IV across 1 spectra,
411,LBQS 1340-0020,LBQS 1340-0020,,,not yet reached,140,1,1453,fittable: 140 px at C IV across 1 spectra,
412,QSO J1525+0026,QSO J1525+0026,,,not yet reached,140,2,1428,fittable: 140 px at C IV across 2 spectra,
413,QSO J0110+0019,QSO J0110+0019,,,not yet reached,140,1,1432,fittable: 140 px at C IV across 1 spectra,
414,1306+3021,PB  3344,,,not yet reached,140,1,1574,fittable: 140 px at C IV across 1 spectra,
415,HS1543+5921,HS1543+5921,,,not yet reached,140,1,1420,fittable: 140 px at C IV across 1 spectra,
416,SDSS J141830.20+522212.4,SDSS J141830.20+522212.4,,,not yet reached,141,1,1388,fittable: 141 px at C IV across 1 spectra,
417,QSO J1016+4706,QSO J1016+4706,,,not yet reached,140,1,858,fittable: 140 px at C IV across 1 spectra,
418,QSO J0153+0009,QSO J0153+0009,,,not yet reached,140,1,1352,fittable: 140 px at C IV across 1 spectra,
419,SDSS J142112.29+524147.2,SDSS J142112.29+524147.2,,,not yet reached,140,1,1336,fittable: 140 px at C IV across 1 spectra,
420,3C 286,3C 286,,,not yet reached,141,2,1455,fittable: 141 px at C IV across 2 spectra,
421,SBSG 1123+594A,SBSG 1123+594A,,0.0,not yet reached,5,3,454,no_civ_data: 5 usable pixels at C IV,
422,MC1146+111,QSO B1146+112,,,not yet reached,141,1,1420,fittable: 141 px at C IV across 1 spectra,
423,3C 196,3C 196,,,not yet reached,140,2,3762,fittable: 140 px at C IV across 2 spectra,
424,PKS1252+11,[HB89] 1252+119,,,not yet reached,140,1,1420,fittable: 140 px at C IV across 1 spectra,
425,0253-0138,PB  6937,,,not yet reached,140,1,1410,fittable: 140 px at C IV across 1 spectra,
426,4C55-17,4C 55.17,,,not yet reached,140,1,1353,fittable: 140 px at C IV across 1 spectra,
427,4C 00.34,4C 00.34,,,not yet reached,140,1,1180,fittable: 140 px at C IV across 1 spectra,
428,7C 170448.10+361856.00,7C 170448.10+361856.00,,,not yet reached,140,1,1155,fittable: 140 px at C IV across 1 spectra,
429,QSO 1629+372,QSO 1629+372,1.0,1.0,not yet reached,0,0,0,iue_only: no HST observation in the archive,iue_only
430,3C336.0,3C 336,,,not yet reached,140,1,1301,fittable: 140 px at C IV across 1 spectra,
431,QSO J1716+5654,QSO J1716+5654,,,not yet reached,140,1,1118,fittable: 140 px at C IV across 1 spectra,
432,7C 1555+3313,7C 1555+3313,,,not yet reached,140,2,1270,fittable: 140 px at C IV across 2 spectra,
433,ICRF J083052.0+241059,7C 082754.29+242103.00,,,not yet reached,140,2,3741,fittable: 140 px at C IV across 2 spectra,
434,QSO J1109+0051,QSO J1109+0051,,,not yet reached,140,1,1057,fittable: 140 px at C IV across 1 spectra,
435,2MASS J11493175+2230285,2MASS J11493175+2230285,,,not yet reached,30,1,1205,fittable: 30 px at C IV across 1 spectra,
436,3C 288.1,3C 288.1,,,not yet reached,140,2,1221,fittable: 140 px at C IV across 2 spectra,
437,QSO J1225-0052,QSO J1225-0052,,,not yet reached,140,1,1045,fittable: 140 px at C IV across 1 spectra,
438,2MASSI J0352305-071102,2MASSI J0352305-071102,,,not yet reached,140,2,1215,fittable: 140 px at C IV across 2 spectra,
439,QSO J1419-0036,QSO J1419-0036,,,not yet reached,140,1,1030,fittable: 140 px at C IV across 1 spectra,
440,TON157,Ton  157,,,not yet reached,141,1,1189,fittable: 141 px at C IV across 1 spectra,
441,LB 2126,LB  2126,,,not yet reached,140,2,1221,fittable: 140 px at C IV across 2 spectra,
442,PKS1001+22,4C 22.26,,,not yet reached,141,1,1181,fittable: 141 px at C IV across 1 spectra,
443,7C 081438.10+224634.00,7C 081438.10+224634.00,,,not yet reached,140,1,1029,fittable: 140 px at C IV across 1 spectra,
444,SDSS J132921.75+144431.2,SDSS J132921.75+144431.2,,,not yet reached,140,1,1478,fittable: 140 px at C IV across 1 spectra,
445,PKS 1308+326,US  371,1.0,1.0,not yet reached,0,0,0,iue_only: no HST observation in the archive,iue_only
446,QSO J1527+2452,QSO J1527+2452,,,not yet reached,140,1,1006,fittable: 140 px at C IV across 1 spectra,
447,[VV2006] J104839.4+442820,[VV2006] J104839.4+442820,,,not yet reached,140,1,928,fittable: 140 px at C IV across 1 spectra,
448,[VV2006] J112317.5+051804,[VV2006] J112317.5+051804,,,not yet reached,140,1,1336,fittable: 140 px at C IV across 1 spectra,
449,2MASS J10423110+2213003,2MASS J10423110+2213003,,,not yet reached,140,1,1339,fittable: 140 px at C IV across 1 spectra,
450,[VV2006] J103928.1+392342,[VV2006] J103928.1+392342,,,not yet reached,140,1,1524,fittable: 140 px at C IV across 1 spectra,
451,Ton 153,Ton  153,,,not yet reached,140,3,1101,fittable: 140 px at C IV across 3 spectra,
452,CLASS-B1152+199-ABS01,CLASS-B1152+199-ABS01,,,not yet reached,140,2,1018,fittable: 140 px at C IV across 2 spectra,
453,QSO B1052-0004,QSO B1052-0004,,,not yet reached,97,1,924,fittable: 97 px at C IV across 1 spectra,
454,QSO J1537+3358,QSO J1537+3358,,,not yet reached,90,1,917,fittable: 90 px at C IV across 1 spectra,
455,7C 163119.39+393037.00,7C 163119.39+393037.00,,,not yet reached,140,2,1088,fittable: 140 px at C IV across 2 spectra,
456,PG1254+047,QSO B1254+0443,,,not yet reached,140,1,1065,fittable: 140 px at C IV across 1 spectra,
457,QSO J1137+3907,QSO J1137+3907,,,not yet reached,86,1,914,fittable: 86 px at C IV across 1 spectra,
458,QSO B0250+0055,QSO B0250+0055,,,not yet reached,88,1,916,fittable: 88 px at C IV across 1 spectra,
459,QSO B1248+401,QSO B1248+401,,,not yet reached,141,3,1061,fittable: 141 px at C IV across 3 spectra,
460,QSO J2334+0052,QSO J2334+0052,,,not yet reached,53,1,881,fittable: 53 px at C IV across 1 spectra,
461,Q1229-0207,4C -02.55,,,not yet reached,140,3,3742,fittable: 140 px at C IV across 3 spectra,
462,LBQS 0019-0145B,LBQS 0019-0145B,,,not yet reached,73,1,901,fittable: 73 px at C IV across 1 spectra,
463,[VV2006] J134844.8+024948,[VV2006] J134844.8+024948,,,not yet reached,140,1,1076,fittable: 140 px at C IV across 1 spectra,
464,1317+5203,4C 52.27,,,not yet reached,140,1,1022,fittable: 140 px at C IV across 1 spectra,
465,B21248+30,4C 30.25,,,not yet reached,140,1,995,fittable: 140 px at C IV across 1 spectra,
466,3C186,3C 186,,,not yet reached,140,1,2625,fittable: 140 px at C IV across 1 spectra,
467,LB 9388,LB  9388,,,not yet reached,134,1,631,fittable: 134 px at C IV across 1 spectra,
468,QSO J0125-0006,QSO J0125-0006,,,not yet reached,140,2,983,fittable: 140 px at C IV across 2 spectra,
469,QSO J1422-0001,QSO J1422-0001,,,not yet reached,140,1,816,fittable: 140 px at C IV across 1 spectra,
470,2MASS J12554763+4012302,2MASS J12554763+4012302,,,not yet reached,140,1,987,fittable: 140 px at C IV across 1 spectra,
471,2MASS J14550246+0850022,2MASS J14550246+0850022,,,not yet reached,79,1,661,fittable: 79 px at C IV across 1 spectra,
472,PKS1055+20,4C 20.24,,,not yet reached,140,1,3675,fittable: 140 px at C IV across 1 spectra,
473,PB 1154,PB  1154,,,not yet reached,140,1,1162,fittable: 140 px at C IV across 1 spectra,
474,PG0946+301,QSO J0949+2955,,,not yet reached,72,2,900,fittable: 72 px at C IV across 2 spectra,
