index,row_num,common_name,have,missing,n_missing,have_none,v22_listed,v22_n_obs,known_to_v22,civ_covering,civ_lost_entirely,decided,manmask,reject_reason
9,188,NGC 3516,FOS;STIS,COS,1,False,COS;FOS;STIS,113,True,COS;FOS;STIS,False,True,3,
11,218,NGC 3783,FOS;STIS,COS,1,False,COS;FOS;STIS,88,True,COS;FOS;STIS,False,True,3,
20,60,3C 84,COS;FOS,STIS,1,False,COS;FOS,7,False,COS;FOS;STIS,False,True,0,insufficient_coverage;low_snr;civ_unphysical
40,74,AKN120,STIS,FOS,1,False,FOS;STIS,14,True,FOS,True,True,0,no_civ_data
47,386,Mrk 1392,STIS,COS,1,False,COS;STIS,2,True,COS;STIS,False,True,3,
57,54,NGC 985,COS,STIS,1,False,COS;STIS,28,True,COS;STIS,False,True,2,
60,35,ESO 113-45,FOS;STIS,COS,1,False,COS;FOS;STIS,22,True,COS;FOS;STIS,False,True,3,
73,28,LEDA 3095485,STIS,COS,1,False,COS;STIS,7,True,COS;STIS,False,True,3,
74,462,MR 2251-178,COS;STIS,FOS,1,False,COS;FOS;STIS,28,True,COS;FOS;STIS,False,True,3,
76,110,Ton 951,COS;FOS,STIS,1,False,COS;FOS;STIS,12,True,STIS,True,True,0,insufficient_coverage
81,251,Mrk 205,FOS,STIS,1,False,FOS;STIS,9,True,FOS;STIS,False,True,3,
90,345,LEDA 50824,COS;FOS,STIS,1,False,COS;FOS,22,False,COS;FOS;STIS,False,True,3,
96,416,PG 1617+175,,COS,1,True,LWP;SWP,2,False,,False,True,1,iue_only
97,34,Ton S 210,STIS,COS,1,False,COS;STIS,7,True,COS;STIS,False,True,0,insufficient_coverage;fit_unstable
106,419,QSO B1626+5529,COS,FOS,1,False,COS;FOS,20,True,COS;FOS,False,True,3,
111,257,3C 273,COS,FOS;STIS,2,False,COS;FOS;STIS,56,True,FOS;STIS,True,True,0,no_civ_data
113,301,PG1322+659,STIS,FOS,1,False,FOS;STIS,13,True,FOS;STIS,False,True,3,
116,452,ICRF J213745.1-143255,COS;FOS,STIS,1,False,COS;FOS,14,False,COS;FOS;STIS,False,True,3,
125,428,PG1700+518,FOS,STIS,1,False,FOS;STIS,13,True,FOS;STIS,False,False,,
129,185,[OKM2018] SWIFT J1104.8+7689,,FOS;STIS,2,True,FOS;STIS,47,True,FOS;STIS,True,False,,
138,467,PG2308+098,,FOS,1,True,FOS,6,True,FOS,True,False,,
140,448,2MASS J21145258+0607423,FOS;STIS,COS,1,False,COS;FOS;STIS,13,True,FOS;STIS,False,False,,
152,79,QSO J0635-7516,FOS,COS,1,False,COS;FOS,7,True,FOS,False,False,,
158,455,PKS2216-03,,FOS,1,True,FOS,12,True,FOS,True,False,,
193,414,3C 332.0,FOS,STIS,1,False,FOS;STIS,13,True,FOS,False,False,,
197,153,LEDA 29208,COS,FOS,1,False,COS;FOS,23,True,FOS,True,False,,
200,238,LEDA 38224,COS;FOS,STIS,1,False,COS;FOS,17,False,COS;FOS;STIS,False,False,,
203,25,[OKM2018] SWIFT J0056.9+1472,,COS,1,True,COS;FOS,4,True,COS,True,False,,
205,473,ICRF J235156.1-010913,COS;FOS,STIS,1,False,COS;FOS;STIS,9,True,FOS;STIS,False,False,,
212,289,Ton 1565,COS,FOS;STIS,2,False,COS;FOS,12,True,COS;FOS;STIS,False,False,,
222,144,LEDA 2149945,COS;FOS,STIS,1,False,COS;FOS;STIS,13,True,COS;FOS;STIS,False,False,,
226,366,E1423+201,,COS,1,True,SWP,1,False,,False,False,,
240,90,[VV2006] J075620.1+304535,,COS,1,True,COS,1,True,COS,True,False,,
243,248,Q 1217+023,,COS,1,True,LWP;SWP,3,False,,False,False,,
251,105,US 1329,,COS,1,True,SWP,1,False,,False,False,,
280,457,2MASS J22360767+1343554,STIS,COS,1,False,COS;STIS,2,True,STIS,False,False,,
284,372,2MASS J14314604+0301444,,COS,1,True,COS,3,True,COS,True,False,,
286,337,RM160,STIS,COS,1,False,STIS,3,False,STIS,False,False,,
290,368,Ton 202,STIS,COS;FOS,2,False,COS;FOS;STIS,23,True,COS;FOS;STIS,False,False,,
304,402,QSO B1544+4855,FOS,COS;STIS,2,False,COS;FOS,9,True,COS;FOS,False,False,,
310,184,4C 10.30,,COS,1,True,LWP,1,False,,False,False,,
311,341,[HB91] 1410+525,,STIS,1,True,STIS,3,True,STIS,True,False,,
312,187,QSO B1103-006,STIS,FOS,1,False,FOS;STIS,6,True,FOS,True,False,,
324,264,[VV2006] J123734.4+444731,,COS;STIS,2,True,COS;STIS,3,True,STIS,True,False,,
337,220,[VV2000] J113923.7+002301,,STIS,1,True,STIS,2,True,STIS,True,False,,
338,172,[VV98] J102847.0+391758,,COS,1,True,COS,2,True,,False,False,,
345,103,[VV2006] J083510.4+035901,,STIS,1,True,STIS,2,True,STIS,True,False,,
351,275,[VV96] J125415.5+480850,,STIS,1,True,STIS,2,True,STIS,True,False,,
359,470,[VV2006] J234145.5-004640,,STIS,1,True,STIS,2,True,STIS,True,False,,
362,148,Ton 469,FOS;STIS,COS,1,False,COS;FOS;STIS,32,True,FOS,False,False,,
382,370,[VV2006] J142927.3+523849,,COS,1,True,COS,5,True,COS,True,False,,
386,244,Ton 1480,FOS,STIS,1,False,FOS;STIS,3,True,FOS,False,False,,
393,360,[VV2006] J142052.4+525621,,STIS,1,True,STIS,2,True,STIS,True,False,,
396,203,MC1118+12,FOS,STIS,1,False,FOS;STIS,5,True,FOS;STIS,False,False,,
399,145,[VV2006] J095632.5+512824,,STIS,1,True,STIS,2,True,STIS,True,False,,
400,323,[OKM2018] SWIFT J1357.0+1929,,COS;FOS,2,True,COS;FOS,23,True,FOS,True,False,,
441,226,LB 2126,FOS,COS,1,False,COS;FOS,10,True,FOS,False,False,,
447,178,[VV2006] J104839.4+442820,,COS,1,True,COS,4,True,COS,True,False,,
448,205,[VV2006] J112317.5+051804,,COS,1,True,COS,5,True,COS,True,False,,
450,175,[VV2006] J103928.1+392342,,COS,1,True,COS,6,True,COS,True,False,,
451,296,Ton 153,COS;FOS,STIS,1,False,COS;FOS,11,False,FOS;STIS,False,False,,
459,271,QSO B1248+401,COS;FOS,STIS,1,False,COS;FOS,8,False,FOS;STIS,False,False,,
463,316,[VV2006] J134844.8+024948,,COS,1,True,COS,4,True,COS,True,False,,
472,183,PKS1055+20,,FOS,1,True,FOS,6,True,,False,False,,
