common_name,instrument,n_old,n_new,z_old,z_new,dlam_max,dflux_med_pct,dflux_max_pct,mask_diff,verdict
2MASS J21145258+0607423,FOS,3019,3019,0.4608,0.4608,2.2737367544323206e-13,1.3251623646560526e-11,5.268704862443263e-08,0.0,IDENTICAL
2MASS J21145258+0607423,STIS,2883,2883,0.4608,0.4608,4.547473508864641e-13,2.3828632852225146e-12,0.6529768490018819,0.0,CLOSE
2MASS J22360767+1343554,STIS,3001,3001,0.3264161497257916,0.3264161497257916,4.547473508864641e-13,1.826212959531792e-12,7.203010816556899e-09,0.0,IDENTICAL
3C 273,COS,573,573,0.1583,0.1583,0.0,0.036940604894560775,28.78590011574682,0.0,CLOSE
3C 332.0,FOS,4054,4054,0.1509745000065142,0.1509745000065142,4.547473508864641e-13,6.796030769830318e-11,198.8447216364931,0.0,CLOSE
3C 84,COS,498,1431,0.0175,0.0175,,,,,DIFFERS (length)
3C 84,FOS,1489,1489,0.0175,0.0175,2.2737367544323206e-13,9.068196742939317e-10,66.24703910137781,0.0,CLOSE
AKN120,STIS,237,237,0.0323,0.0323,0.0,2.739874396507731,36.94989486240537,0.0,DIFFERS
ESO 113-45,FOS,4500,4500,0.0461,0.0461,4.547473508864641e-13,9.988859393032984e-12,3.8152669684629565e-10,0.0,IDENTICAL
ESO 113-45,STIS,237,5703,0.0461,0.0461,,,,,DIFFERS (length)
ICRF J213745.1-143255,COS,1235,1235,0.2004,0.2004,2.2737367544323206e-13,0.4576833539260775,102.99638466639212,0.0,DIFFERS
ICRF J213745.1-143255,FOS,2355,2355,0.2004,0.2004,2.2737367544323206e-13,1.2147777026057909e-11,6.314161477322666e-10,0.0,IDENTICAL
LB 2126,FOS,1736,1736,0.9767036167678352,0.9767036167678352,2.2737367544323206e-13,1.4398651400647637e-11,54.09863900879566,0.0,CLOSE
LEDA 29208,COS,1438,1438,0.1612385044965225,0.1612385044965225,1.9304025045130402e-10,18.738322302242587,3281.849189662118,22.0,DIFFERS
LEDA 3095485,STIS,1591,1591,0.062817,0.062817,2.2737367544323206e-13,4.024242482707022e-11,269.3915896304821,0.0,CLOSE
LEDA 50824,COS,1632,1632,0.089,0.089,2.2737367544323206e-13,2.2111413003774745,5807.431361505504,0.0,DIFFERS
LEDA 50824,FOS,4295,4295,0.089,0.089,4.547473508864641e-13,5.964331957156782e-12,102.54652700581681,0.0,CLOSE
MC1118+12,FOS,4043,4043,0.6830295641090576,0.6830295641090576,4.547473508864641e-13,2.1545070027928228e-11,4.181638830822034e-10,0.0,IDENTICAL
MR 2251-178,COS,1715,1715,0.0638,0.0638,2.2737367544323206e-13,0.03900226141664329,190.68965308256654,0.0,CLOSE
MR 2251-178,STIS,366,4238,0.0638,0.0638,,,,,DIFFERS (length)
Mrk 1392,STIS,1704,1704,0.0359,0.0359,2.2737367544323206e-13,3.3933466065231887e-12,1.0967009258703984e-10,0.0,IDENTICAL
Mrk 205,FOS,4367,4367,0.0711,0.0711,4.547473508864641e-13,6.234532974136734e-12,5.61467006869799e-10,0.0,IDENTICAL
NGC 3516,FOS,4596,4596,0.0088,0.0088,4.547473508864641e-13,0.5425356028549597,1565.8663212726676,0.0,DIFFERS
NGC 3516,STIS,7807,7807,0.0088,0.0088,9.094947017729282e-13,4.744877359778463e-12,1.8899938307382895,0.0,CLOSE
NGC 3783,FOS,3104,3104,0.0095,0.0095,2.2737367544323206e-13,7.832303486137e-12,2.794722997018413e-10,0.0,IDENTICAL
NGC 3783,STIS,6507,6507,0.0095,0.0095,9.094947017729282e-13,4.916648143781024,8854.246536432463,0.0,DIFFERS
NGC 985,COS,2989,2989,0.04271,0.04271,4.547473508864641e-13,3.5712819250290204,31100.960062160124,0.0,DIFFERS
PG1322+659,STIS,5571,5569,0.1674,0.1674,,,,,DIFFERS (length)
PG1700+518,FOS,3552,3552,0.292,0.292,4.547473508864641e-13,1.0338039567351222e-11,1.11581459730713e-08,0.0,IDENTICAL
QSO B1103-006,STIS,313,313,0.4269242330231856,0.4269242330231856,0.0,3.7641255879293327e-11,5.724859818382139e-10,0.0,IDENTICAL
QSO B1248+401,COS,1,1,1.0359922452657977,1.0359922452657977,0.0,,,0.0,DIFFERS (no comparable pixels)
QSO B1248+401,FOS,1577,1577,1.0359922452657977,1.0359922452657977,2.2737367544323206e-13,4.713752957247287e-12,1.3835822160241085e-10,0.0,IDENTICAL
QSO B1544+4855,FOS,1685,1685,0.4009103960055726,0.4009103960055726,4.547473508864641e-13,1.0617083752739366e-11,23.842826736473196,0.0,CLOSE
QSO B1626+5529,COS,2656,2656,0.1326,0.1326,4.547473508864641e-13,4.417444070434261,536.0814309869387,0.0,DIFFERS
QSO J0635-7516,FOS,2487,2487,0.651,0.651,2.2737367544323206e-13,4.817044027357454e-11,59.50341995163597,0.0,CLOSE
Ton 1480,FOS,1690,1690,0.6158108315502357,0.6158108315502357,2.2737367544323206e-13,3.3106054641030053e-12,1.2784703959880587e-10,0.0,IDENTICAL
Ton 153,COS,1,1,1.0164812610891576,1.0164812610891576,0.0,,,0.0,DIFFERS (no comparable pixels)
Ton 153,FOS,1619,1619,1.0164812610891576,1.0164812610891576,2.2737367544323206e-13,1.0055990391079094e-11,6.151309524361014e-10,0.0,IDENTICAL
Ton 1565,COS,2466,2466,0.1829260552701501,0.1829260552701501,2.2737367544323206e-13,6.541553705975134,295.10884153497733,0.0,DIFFERS
Ton 202,STIS,1464,3147,0.363731051231133,0.363731051231133,,,,,DIFFERS (length)
Ton 469,FOS,7654,7654,0.5300183756985366,0.5300183756985366,1.8189894035458565e-12,9.426037713442537e-13,103.4170506431219,0.0,CLOSE
Ton 469,STIS,10,10,0.5300183756985366,0.5300183756985366,0.0,,,0.0,DIFFERS (no comparable pixels)
Ton S 210,STIS,3535,3535,0.116,0.116,4.547473508864641e-13,14.400619823888047,1098.7430141907896,0.0,DIFFERS
