index,common_name,name_pub,manmask,blue_before,blue_after,quanta,ew_before,ew_after,dew_pct,disposition,record
1,NGC4395,NGC 4395,3,-78.78126855460229,-839.7978676717526,-11,314.37886611531724,239.8021636655493,-23.721919787830927,REVIEW,BEST_iter08_siiv_m2300
3,NGC4151,NGC4151,3,335.5125590520637,335.5125590520637,0,166.79164363195497,166.53075090615565,-0.15641834334039714,"small shift, adopt replayed value",BEST_iter04_adopted
5,NGC 3227,NGC 3227,3,404.4969925394556,404.4969925394556,0,175.4494254240577,175.4372134065701,-0.006960420336562868,carry over unchanged,BEST_iter12_troughtrue
7,NGC 6814,NGC  6814,3,335.5125590520637,335.5125590520637,0,520.3127491987848,524.2046087560642,0.7479846617774376,"small shift, adopt replayed value",BEST_iter04_gtr_prior
9,NGC 3516,NGC 3516,3,404.4969925394556,404.4969925394556,0,174.26955285528177,184.8853669484015,6.091605744771371,"small shift, adopt replayed value",BEST_iter05_grow3
10,NGC 4593,NGC  4593,3,749.2255466349936,680.3185584841262,-1,183.41700582201793,181.98827105614504,-0.7789543611126704,"small shift, adopt replayed value",BEST_iter03_allmasks
11,NGC 3783,NGC 3783,3,473.48142602680343,473.48142602680343,0,94.82446985240897,95.81203182849414,1.041463218958441,"small shift, adopt replayed value",REJECT_ALL_iter03_allmasks
11,NGC 3783,NGC 3783,3,59.38121176138286,59.38121176138286,0,108.81513635567126,108.81709162377248,0.0017968714341690412,carry over unchanged,BEST_iter05_strongabsonly
12,NGC 4253,NGC 4253,3,-78.78126855460229,-78.78126855460229,0,116.93610346400472,116.91705154472324,-0.016292589471604026,carry over unchanged,BEST_iter08_absorber
17,Mrk 1044,MCG-02-07-024,3,197.48560807496355,197.48560807496355,0,80.01236049759146,82.63680369589663,3.2800472101859484,"small shift, adopt replayed value",BEST_iter06_peakabs
18,NGC-7469,NGC 7469,3,266.5087642305957,197.48560807496355,-1,175.99589836696137,165.74216573881944,-5.826120223985177,"small shift, adopt replayed value",BEST_iter07_peakblueabs
19,NGC 5548,NGC 5548,3,-9.68066706248958,-78.78126855460229,-1,244.95947475898137,258.84130921698244,5.6669922531714985,"small shift, adopt replayed value",BEST_iter03_fullabs
23,Mrk 1310,Mrk 1310,3,197.48560807496355,197.48560807496355,0,1179.334821572151,1253.993166424638,6.330546973332077,"small shift, adopt replayed value",BEST_iter03_allmasks
25,Mrk 40,MCG+09-19-073,3,-9.68066706248958,-9.68066706248958,0,733.3958107371818,722.2504889731156,-1.5196871322271914,"small shift, adopt replayed value",BEST_iter01_baseline
26,Mrk 50,Mrk   50,3,-147.88187004671502,-147.88187004671502,0,168.3179590446759,168.24197402727742,-0.045143737382353596,carry over unchanged,BEST_iter04_gtr_prior
29,Mrk 335,MRK 0335,3,59.38121176138286,59.38121176138286,0,96.63557988845346,94.50987138780285,-2.1997161947021215,"small shift, adopt replayed value",REJECT_ALL_iter02_noncivmasks
29,Mrk 335,MRK 0335,3,-78.78126855460229,-78.78126855460229,0,80.70497435749922,80.70543987179614,0.0005768099186275517,carry over unchanged,BEST_iter08_gtr_plus1510abs
30,NGC 863,NGC   863,3,-78.78126855460229,-78.78126855460229,0,225.04952557288863,197.9569916862505,-12.03847633878413,REVIEW,BEST_iter04_gtr_prior
32,Z 291-51,Z 291-51,3,-9.68066706248958,-78.78126855460229,-1,218.22007007173684,228.19983614415636,4.573257661011112,"small shift, adopt replayed value",BEST_iter06_gtr_hand_z69
33,Z 229-15,Z 229-15,3,266.5087642305957,266.5087642305957,0,241.25310407403236,239.20078023824095,-0.8506932350854329,"small shift, adopt replayed value",BEST_iter03_allmasks
35,2MASX-J00391586-5117013,[WPV85] 007,2,404.4969925394556,404.4969925394556,0,22.670942111031714,23.135538931589583,2.049305310218209,"small shift, adopt replayed value",BEST_iter11_gtr_hand2
36,Mrk 290,Mrk  290,3,266.5087642305957,266.5087642305957,0,199.36663809056137,203.7048734243227,2.1760086719176703,"small shift, adopt replayed value",BEST_iter02_gtr_hand
37,Mrk 279,Z 336-28,3,-78.78126855460229,-78.78126855460229,0,105.3015884087532,111.16801802080582,5.571074188625407,"small shift, adopt replayed value",BEST_iter01_gtr_prior
38,Mrk 493,UGC 10120,3,197.48560807496355,128.44309058521125,-1,155.7427658228923,153.9470035518104,-1.1530309363607878,"small shift, adopt replayed value",BEST_iter04_itermasks
39,Mrk 817,Z 296-15,2,128.44309058521125,-147.88187004671502,-4,88.39276888309928,73.65952413559535,-16.667929892533248,REVIEW,BEST_iter05_gtr_hand2
42,RXS-J00057-5007,LEDA     407,3,-286.1411570333448,-147.88187004671502,2,66.50684415275748,62.276312993166435,-6.361046315585312,"small shift, adopt replayed value",BEST_iter03_allmasks
44,Mrk 509,MRK 0509,3,197.48560807496355,128.44309058521125,-1,142.45975672391,136.8555907215799,-3.9338590288281265,"small shift, adopt replayed value",BEST_iter01_baseline
45,Pic A,PICTOR A,3,266.5087642305957,335.5125590520637,1,244.9974749938436,278.09066513343964,13.507563757719385,REVIEW,BEST_iter09_gtr_hand
46,Mrk 110,Mrk  110,2,-78.78126855460229,-78.78126855460229,0,368.52083999458125,368.3442557655096,-0.04791702663931649,carry over unchanged,BEST_iter05_gtr_hand
47,Mrk 1392,Z  48-115,3,473.48142602680343,473.48142602680343,0,135.124011723317,135.12404907218004,2.764043381728122e-05,carry over unchanged,BEST_iter04_gtr_hand
48,Mrk 841,Mrk  841,2,1368.7301546325386,-9.68066706248958,-20,1547.1660525077718,155.8268392358614,-89.9282407997975,REVIEW,BEST_iter05_gtr_hand
49,ESO 141-55,ESO 141-55,3,335.5125590520637,473.48142602680343,2,119.98490704192486,119.94181044083012,-0.03591835186376637,"small shift, adopt replayed value",BEST_iter04_gtr_prior
51,Mrk 486,Mrk  486,3,59.38121176138286,59.38121176138286,0,53.428970834118466,53.90187953483932,0.8851166199496816,"small shift, adopt replayed value",BEST_iter01_baseline
52,LEDA 1771917,LEDA 1771917,3,197.48560807496355,197.48560807496355,0,126.02009253995084,88.53950526980339,-29.741755076291007,REVIEW,BEST_iter07_gtr_hand_zNED_open1525
53,LEDA 88588,1H 0707-495,3,2466.90502620236,2398.385264733984,-1,14.815648697168434,14.516247025573865,-2.020847535699138,"small shift, adopt replayed value",BEST_iter05_gtr_hand
54,Mrk 231,Mrk 231,2,2603.886465136709,1712.3357513488445,-13,12.065441224740251,47.88760743128376,296.8989325735554,REVIEW,BEST_iter02_gtr_hand
56,Mrk 1018,Z 387-34,2,-355.2804811936978,-217.00183287294783,2,389.8825551080064,280.3159014433544,-28.10247656099913,REVIEW,BEST_iter05_gtr_hand2
57,NGC 985,NGC   985,2,-9.68066706248958,59.38121176138286,1,87.11115651379748,83.94535866087827,-3.6342048247491507,"small shift, adopt replayed value",BEST_iter03_allmasks
59,Mrk 142,Mrk  142,3,335.5125590520637,335.5125590520637,0,60.86362266122486,60.890735074594176,0.04454617090446244,carry over unchanged,BEST_iter05_gtr_hand
60,ESO 113-45,Fairall 9,3,-78.78126855460229,-78.78126855460229,0,191.5907563412009,191.58949068224948,-0.0006606054360769109,carry over unchanged,BEST_iter05_gtr_hand_z-69b
61,Z 535-12,Z 535-12,2,-147.88187004671502,-217.00183287294783,-1,274.75306014000057,429.5469062349057,56.339261887030425,REVIEW,BEST_iter08_gtr_plus_spike_high
62,Mrk 1253,Z   8-93,3,680.3185584841262,887.0008002684879,3,313.4875749681148,304.0584395016921,-3.0078179230490343,"small shift, adopt replayed value",BEST_iter04_gtr_prior
64,3C390.3,3C 390.3,2,611.3922089991388,611.3922089991388,0,229.4030897743993,240.13129020679503,4.67657189924779,"small shift, adopt replayed value",BEST_iter04_gtr_prior
66,2MASS J00505073+3536429,2MASS J00505073+3536429,3,266.5087642305957,404.4969925394556,2,362.6815937992602,297.03338519684866,-18.100783090400512,REVIEW,BEST_iter04_gtr_prior
67,QSO B1011-040,QSO B1011-040,3,266.5087642305957,266.5087642305957,0,49.44822460975603,42.06871169165862,-14.92371662751558,REVIEW,BEST_iter01_baseline
70,Mrk 1502,UGC 00545,2,1231.1678756744095,1231.1678756744095,0,26.430498157223195,26.649491225190037,0.8285620144733954,"small shift, adopt replayed value",BEST_iter01_baseline
71,TON-S180,TON S180,3,749.2255466349936,749.2255466349936,0,33.5807577193313,33.67942934549778,0.29383382885871057,"small shift, adopt replayed value",BEST_iter01_baseline
72,Mrk 1513,Mrk 1513,3,266.5087642305957,266.5087642305957,0,187.1738693058159,178.63162122200455,-4.563803759302812,"small shift, adopt replayed value",BEST_iter01_gtr_prior
73,LEDA 3095485,LEDA 3095485,3,266.5087642305957,266.5087642305957,0,49.57331915695746,49.56161022256701,-0.02361942792931763,carry over unchanged,BEST_iter04_gtr_prior
74,MR 2251-178,MR 2251-178,3,611.3922089991388,611.3922089991388,0,518.4625939996093,522.7458584677456,0.8261472510665848,"small shift, adopt replayed value",BEST_iter02_gtr_junkmasked
75,Mrk 1148,Mrk 1148,3,197.48560807496355,-147.88187004671502,-5,206.30618718113283,181.1355746976765,-12.200609602346542,REVIEW,BEST_iter03_allmasks
79,LEDA 88835,2MASX J13251937-382452,3,2740.8098200686536,2672.3675039368018,-1,17.420058807736115,18.037421683076627,3.5439769874160527,"small shift, adopt replayed value",BEST_iter02_gtr_prior_zNED
81,Mrk 205,MRK 0205,3,197.48560807496355,197.48560807496355,0,106.60523762085197,106.6111181885496,0.005516208986415063,carry over unchanged,BEST_iter04_gtr_prior
82,Mrk 478,MRK 0478,3,680.3185584841262,680.3185584841262,0,44.752536312043866,44.65393922884188,-0.22031619060538646,"small shift, adopt replayed value",BEST_iter04_gtr_stismasks
83,1RXS J185800.9+485020,1RXS J185800.9+485020,3,128.44309058521125,128.44309058521125,0,247.1332850361676,247.03655586648804,-0.03914048634338847,carry over unchanged,BEST_iter08_gtr_hand2
86,PB 3894,PG 1211+143,3,128.44309058521125,128.44309058521125,0,97.48457065133408,94.11019793368082,-3.461442867427842,"small shift, adopt replayed value",BEST_iter07_gtr_hand
88,Mrk 1383,Mrk 1383,3,611.3922089991388,1162.3770555283074,8,77.35955721243919,86.60460455044245,11.950750070369695,REVIEW,BEST_iter04_gtr_prior
89,PG1351+640,PG 1351+640,2,-286.1411570333448,-493.6365748509283,-3,43.66737413774544,38.52646867576549,-11.772875203723833,REVIEW,BEST_iter04_trough1531_1546
90,LEDA 50824,LEDA   50824,3,-424.45852802229103,-424.45852802229103,0,83.65994515563871,83.63813548897758,-0.02606942500446691,carry over unchanged,BEST_iter01_gtr_prior
92,2MASS J08105865+7602424,2MASS J08105865+7602424,3,335.5125590520637,335.5125590520637,0,34.77872423766066,35.25257659423875,1.3624776841726907,"small shift, adopt replayed value",BEST_iter04_gtr_masks
93,2MASS J22484115-5109532,2MASS J22484115-5109532,2,-9.68066706248958,-9.68066706248958,0,135.54410745178194,135.27824319791122,-0.19614593276605163,"small shift, adopt replayed value",BEST_iter05_gtr_hand
94,LEDA 10293,LEDA   10293,3,473.48142602680343,473.48142602680343,0,70.75512838456794,70.76382924871223,0.01229714982212588,carry over unchanged,BEST_iter06_gtr_comps_high
95,LB 1727,LB  1727,3,59.38121176138286,-9.68066706248958,-1,120.97906789521332,120.69533069396748,-0.234534127417482,"small shift, adopt replayed value",BEST_iter01_gtr_prior
98,2MASS J12305003+0115226,2MASS J12305003+0115226,2,1849.685055631564,1918.3209851047052,1,16.0167770532874,16.930314939143464,5.703631153862909,"small shift, adopt replayed value",BEST_iter05_gtr_hand
99,LEDA 3095439,LEDA 3095439,2,-286.1411570333448,-493.6365748509283,-3,132.3617195998154,144.03497081160634,8.819204863070725,"small shift, adopt replayed value",BEST_iter07_gtr_hand
100,SWIFT J2325.6+2157,SWIFT J2325.6+2157,3,404.4969925394556,128.44309058521125,-4,163.24446917268062,166.2748538590253,1.8563475391862354,REVIEW,BEST_iter06_gtr_hand
101,LEDA 52314,LEDA   52314,2,59.38121176138286,128.44309058521125,1,81.61014220441074,59.464114237254705,-27.13636733003893,REVIEW,BEST_iter05_gtr_stismasks_z129
102,QSO J0623-6436,QSO J0623-6436,3,-286.1411570333448,-78.78126855460229,3,91.69126651287426,96.35127748260238,5.08228443880619,"small shift, adopt replayed value",BEST_iter05_allmasks_comps_high
103,Mrk 876,Mrk  876,3,473.48142602680343,335.5125590520637,-2,44.24079354266578,43.07206628165642,-2.641741179172655,"small shift, adopt replayed value",BEST_iter04_gtr_cosmasks
104,PG1416-129,[HB89] 1416-129,3,128.44309058521125,128.44309058521125,0,364.0697404918512,364.06207939336633,-0.002104294214206255,carry over unchanged,BEST_iter04_gtr_hand
105,MCG+13-07-002,MCG+13-07-002,2,473.48142602680343,473.48142602680343,0,40.993414661442856,38.86250471023768,-5.198176265148861,"small shift, adopt replayed value",BEST_iter04_gtr_comps_high
106,QSO B1626+5529,SBS 1626+554,3,-9.68066706248958,-147.88187004671502,-2,63.786156318331294,66.32768735081173,3.984455529498699,"small shift, adopt replayed value",BEST_iter03_allmasks
107,ZTF J004818.97+394111.8,2MASS J00481898+3941116,2,266.5087642305957,473.48142602680343,3,51.72768369824064,53.68180732185295,3.7777133710682174,"small shift, adopt replayed value",BEST_iter05_gtr_hand
108,LEDA 1790,PG 0026+129,2,128.44309058521125,128.44309058521125,0,38.11549738108507,38.114375927860934,-0.002942250006406421,carry over unchanged,BEST_iter01_gtr_prior
110,LEDA 3237,PG 0052+251,3,335.5125590520637,266.5087642305957,-1,114.65885842426204,113.8080868652692,-0.7420024677420017,"small shift, adopt replayed value",BEST_iter05_gtr_hand
