order,category,row_num,designation,name_pub,name_source,name_mast_key,name_simbad,sulentic,z,z_dv_kms,z_needs_check,sdss_flag,oiii_observable,validation_route,work_status,manmask,civ_frac_best,ciii_frac_best,mgii_frac_best,n_spectra,instruments_master,stems,measurement_provenance,companion_within_30as
1,no_sdss,255,J122548.87+333248.8,NGC 4395,sulentic,NGC4395,NGC  4395,yes,0.0008,15.0,no,,False,uv_anchor,fit,1,1.0,1.0,1.0,3,COS;FOS;STIS,NGC4395_COS;NGC4395_FOS;NGC4395_STIS,,
2,no_sdss,237,J120309.62+443152.7,NGC  4051,simbad,NGC-4051,NGC  4051,,0.002336,0.1,no,,False,ned_simbad,fit,1,0.9893,0.0,0.0,2,COS;STIS,NGC-4051_COS;NGC-4051_STIS,,
3,no_sdss,239,J121032.53+392420.8,NGC4151,mast,NGC4151,[CTH90] NGC 4151 C03,,0.00332,1.5,no,,False,uv_anchor,fit,2,1.0,1.0,1.0,2,FOS;STIS,NGC4151_FOS;NGC4151_STIS,,
4,no_sdss,309,J134208.47+353913.7,NGC  5273,simbad,NGC 5273,NGC  5273,,0.0036,14.9,no,,False,ned_simbad,iue_only,,0.0,0.0,0.0,0,,,,
5,no_sdss,168,J102330.56+195153.7,NGC 3227,sulentic,NGC 3227,NGC  3227,yes,0.0039,14.9,no,,False,uv_anchor,fit,1,1.0,1.0,1.0,2,COS;STIS,NGC 3227_COS;NGC 3227_STIS,,
6,no_sdss,65,J042000.54-545614.2,NGC 1566,sulentic,NGC1566-NUC,NGC  1566,yes,0.0051,14.9,no,,False,uv_anchor,fit,0,0.9964,1.0,1.0,1,FOS,NGC1566-NUC_FOS,,
7,no_sdss,444,J194240.58-101925.3,NGC  6814,simbad,NGC 6814,NGC  6814,,0.00521,1.5,no,,False,uv_anchor,fit,3,1.0,1.0,1.0,1,STIS,NGC 6814_STIS,gtr_reproducible,"[VV2006c] J194240.7-101923 (Sy1, 11"")"
8,no_sdss,306,J133553.77-341744.7,MCG-06-30-015,simbad,MCG-6-30-15,MCG-06-30-015,,0.0075,14.9,no,,False,ned_simbad,no_civ_coverage,,0.0,0.0,0.0,1,STIS,MCG-6-30-15_STIS,,
9,no_sdss,188,J110647.50+723406.9,NGC 3516,sulentic,NGC 3516,[MWP92] A,yes,0.0088,14.9,no,,False,uv_anchor,fit,2,1.0,1.0,1.0,3,COS;FOS;STIS,NGC 3516_COS;NGC 3516_FOS;NGC 3516_STIS,,
10,no_sdss,266,J123939.45-052039.0,NGC  4593,simbad,NGC 4593,NGC  4593,,0.009,148.6,yes,,False,ned_simbad,fit,3,1.0,0.0,0.0108,1,STIS,NGC 4593_STIS,gtr_reproducible,
11,no_sdss,218,J113901.71-374418.9,NGC 3783,sulentic,NGC 3783,NGC  3783,yes,0.0095,14.8,no,,False,uv_anchor,fit,2,1.0,1.0,0.0,3,COS;FOS;STIS,NGC 3783_COS;NGC 3783_FOS;NGC 3783_STIS,,
12,no_sdss,246,J121826.51+294846.3,NGC 4253,sulentic,NGC 4253,NGC  4253,yes,0.0124,14.8,no,,False,uv_anchor,fit,3,1.0,1.0,1.0,1,STIS,NGC 4253_STIS,gtr_reproducible,
13,no_sdss,157,J100555.36-230324.6,MCG-04-24-017,simbad,ESO 499-41,MCG-04-24-017,,0.012816,0.1,no,,False,ned_simbad,civ_partial,1,0.1786,0.0,0.0,1,COS,ESO 499-41_COS,,
14,no_sdss,273,J125212.30-132451.7,NGC  4748,simbad,IR1249-13,NGC  4748,,0.0146,14.8,no,,False,ned_simbad,iue_only,,0.0,0.0,0.0,0,,,,"LEDA 3797560 (Sy2, 16"")"
15,no_sdss,27,J005953.30+314937.1,Z 501-58,simbad,Mrk 352,Z 501-58,,0.01486,1.5,no,,False,ned_simbad,no_civ_coverage,1,0.0,0.0,0.0,1,COS,Mrk 352_COS,,
16,no_sdss,318,J134919.21-301833.8,RXC J1349.3-3018,simbad,IC 4329A,RXC J1349.3-3018,,0.016,147.5,yes,,False,ned_simbad,iue_only,,0.0,0.0,0.0,0,,,,
17,no_sdss,52,J023005.49-085953.1,MCG-02-07-024,simbad,Mrk 1044,MCG-02-07-024,,0.0161,14.8,no,,False,ned_simbad,fit,,1.0,0.0,0.0,2,COS;STIS,Mrk 1044_COS;Mrk 1044_STIS,,
18,no_sdss,464,J230315.63+085225.5,NGC 7469,sulentic,NGC-7469,[DAC2007] C13,yes,0.016268,0.1,no,,False,uv_anchor,fit,1,1.0,1.0,1.0,3,COS;FOS;STIS,NGC-7469_COS;NGC-7469_FOS;NGC-7469_STIS,,
19,no_sdss,353,J141759.54+250812.4,NGC 5548,sulentic,NGC 5548,NGC  5548,yes,0.0168,14.7,no,,False,uv_anchor,fit,2,1.0,1.0,1.0,3,COS;FOS;STIS,NGC 5548_COS;NGC 5548_FOS;NGC 5548_STIS,,
20,no_sdss,60,J031948.15+413042.2,NGC 1275,sulentic,3C 84,NGC  1275,yes,0.0175,14.7,no,,False,ned_simbad,fit,1,0.9864,0.0,0.0321,3,COS;FOS;STIS,3C 84_COS;3C 84_FOS;3C 84_STIS,,
21,no_sdss,80,J065212.33+742535.4,IC  450,simbad,MKN 6,IC  450,,0.0188,14.7,no,,False,ned_simbad,iue_only,,0.0,0.0,0.0,0,,,,
22,no_sdss,446,J202151.55-311723.0,MCG-05-48-003,simbad,ESO 462-9,MCG-05-48-003,,0.019277,0.1,no,,False,ned_simbad,civ_partial,0,0.3381,0.0,0.0,1,COS,ESO 462-9_COS,,
23,no_sdss,236,J120114.34-034041.0,Mrk 1310,simbad,Mrk 1310,Mrk 1310,,0.01956,1.5,no,,False,uv_anchor,fit,3,1.0,1.0,1.0,1,STIS,Mrk 1310_STIS,gtr_reproducible,
24,no_sdss,76,J055453.67+462622.4,Z 232-3,simbad,MCG8-11-11,Z 232-3,,0.0205,14.7,no,,False,ned_simbad,iue_only,,0.0,0.0,0.0,0,,,,
25,no_sdss,207,J112536.15+542257.0,MCG+09-19-073,simbad,Mrk 40,MCG+09-19-073,,0.0211,14.7,no,,False,uv_anchor,fit,3,1.0,1.0,1.0,1,STIS,Mrk 40_STIS,gtr_reproducible,
26,no_sdss,252,J122324.14+024044.4,Mrk   50,simbad,Mrk 50,Mrk   50,,0.0234,14.6,no,,False,uv_anchor,fit,3,1.0,1.0,1.0,1,STIS,Mrk 50_STIS,gtr_reproducible,
27,no_sdss,435,J171914.54+485849.6,Z 252-40,simbad,ICRF J171914.4+485849,Z 252-40,,0.024167,0.1,no,,False,uv_anchor,fit,,1.0,1.0,1.0,2,FOS;STIS,ICRF J171914.4+485849_FOS;ICRF J171914.4+485849_STIS,,
28,no_sdss,458,J224239.34+294331.3,UGC 12163,sulentic,UGC 12163,Z 495-18,yes,0.0245,14.6,no,,False,uv_anchor,fit,1,1.0,1.0,1.0,3,COS;FOS;STIS,UGC 12163_COS;UGC 12163_FOS;UGC 12163_STIS,,
29,no_sdss,4,J000619.50+201210.1,MRK 0335,sulentic,Mrk 335,Mrk  335,yes,0.025418,0.1,no,,False,uv_anchor,fit,1,1.0,1.0,1.0,3,COS;FOS;STIS,Mrk 335_COS;Mrk 335_FOS;Mrk 335_STIS,,
30,no_sdss,49,J021433.57-004600.2,NGC   863,simbad,NGC 863,NGC   863,,0.026385,0.1,no,,False,uv_anchor,fit,3,1.0,1.0,0.0,1,COS,NGC 863_COS,alex_mask_NOT_reproducible,
31,no_sdss,58,J030735.47-725002.5,ESO  31-8,simbad,ESO 31-8,ESO  31-8,,0.027619,0.1,no,,False,ned_simbad,civ_partial,1,0.4571,0.0,0.0,1,COS,ESO 31-8_COS,,
32,no_sdss,197,J111857.70+580323.8,Z 291-51,simbad,Z 291-51,Z 291-51,,0.02787,1.5,no,,False,uv_anchor,fit,3,1.0,1.0,1.0,1,STIS,Z 291-51_STIS,gtr_reproducible,
33,no_sdss,441,J190525.91+422739.8,Z 229-15,simbad,Z 229-15,Z 229-15,,0.02788,1.5,no,,False,uv_anchor,fit,3,1.0,1.0,1.0,1,STIS,Z 229-15_STIS,alex_mask_NOT_reproducible,
34,no_sdss,123,J091825.98+161818.9,Z  91-65,simbad,MKN 704,Z  91-65,,0.0286,14.6,no,,False,ned_simbad,iue_only,,0.0,0.0,0.0,0,,,,
35,no_sdss,14,J003915.81-511702.1,[WPV85] 007,sulentic,2MASX-J00391586-5117013,LEDA   87392,yes,0.029,145.7,yes,,False,uv_anchor,fit,1,1.0,1.0,1.0,2,COS;FOS,2MASX-J00391586-5117013_COS;2MASX-J00391586-5117013_FOS,,
36,no_sdss,395,J153552.36+575409.2,Mrk  290,simbad,Mrk 290,Mrk  290,,0.0302,14.6,no,,False,ned_simbad,civ_partial,2,0.575,0.0,0.0,2,COS;STIS,Mrk 290_COS;Mrk 290_STIS,,
37,no_sdss,319,J135303.42+691829.5,Z 336-28,simbad,Mrk 279,Z 336-28,,0.030451,0.1,no,,False,uv_anchor,fit,1,0.9964,1.0,1.0,2,COS;STIS,Mrk 279_COS;Mrk 279_STIS,,
38,no_sdss,408,J155909.64+350147.2,UGC 10120,sulentic,Mrk 493,Z 195-3,yes,0.0313,14.5,no,,False,uv_anchor,fit,2,1.0,1.0,1.0,2,FOS;STIS,Mrk 493_FOS;Mrk 493_STIS,,
39,no_sdss,375,J143622.08+584739.3,Z 296-15,simbad,Mrk 817,Z 296-15,,0.031328,0.1,no,,False,uv_anchor,fit,1,1.0,1.0,1.0,2,COS;STIS,Mrk 817_COS;Mrk 817_STIS,,
40,no_sdss,74,J051611.50-000859.2,ARK 120,sulentic,AKN120,Z 395-23,yes,0.0323,14.5,no,,False,uv_anchor,fit,1,1.0,1.0,1.0,2,FOS;STIS,AKN120_FOS;AKN120_STIS,,
41,no_sdss,68,J043311.02+052115.6,MCG+01-12-009,simbad,3C 120,MCG+01-12-009,,0.033,145.1,yes,,False,uv_anchor,no_civ_coverage,,0.0,0.0,1.0,1,STIS,3C 120_STIS,,
42,no_sdss,1,J000543.05-500654.5,LEDA     407,simbad,RXS-J00057-5007,LEDA     407,,0.0333,14.5,no,,False,ned_simbad,civ_partial,3,0.6607,0.0,0.0,1,COS,RXS-J00057-5007_COS,alex_mask_NOT_reproducible,
43,no_sdss,290,J131305.73-110743.5,LEDA   45913,simbad,PG1310-1051,LEDA   45913,,0.0343,14.5,no,,False,ned_simbad,iue_only,,0.0,0.0,0.0,0,,,,
44,no_sdss,447,J204409.75-104324.6,MRK 0509,sulentic,Mrk 509,Mrk  509,yes,0.0344,14.5,no,,False,uv_anchor,fit,,1.0,1.0,1.0,3,COS;FOS;STIS,Mrk 509_COS;Mrk 509_FOS;Mrk 509_STIS,,
45,no_sdss,75,J051949.64-454643.9,PICTOR A,sulentic,Pic A,ESO 252-18A,yes,0.035,144.8,yes,,False,uv_anchor,fit,1,1.0,1.0,1.0,2,FOS;STIS,Pic A_FOS;Pic A_STIS,,
46,no_sdss,129,J092512.87+521710.7,Mrk  110,simbad,Mrk 110,Mrk  110,,0.03529,1.4,no,,False,uv_anchor,civ_partial,,0.7429,1.0,1.0,2,COS;STIS,Mrk 110_COS;Mrk 110_STIS,,
47,no_sdss,386,J150556.55+034226.3,Z  48-115,simbad,Mrk 1392,Z  48-115,,0.0359,14.5,no,,False,ned_simbad,fit,2,1.0,0.0,0.0,2,COS;STIS,Mrk 1392_COS;Mrk 1392_STIS,,
48,no_sdss,385,J150401.19+102615.7,Mrk  841,simbad,Mrk 841,Mrk  841,,0.036422,0.1,no,,False,ned_simbad,civ_partial,0,0.6,0.0,0.0,1,COS,Mrk 841_COS,,
49,no_sdss,442,J192114.14-584013.0,ESO 141-55,simbad,ESO 141-55,ESO 141-55,,0.037109,0.1,no,,False,ned_simbad,civ_partial,3,0.7143,0.0,0.0,1,COS,ESO 141-55_COS,gtr_reproducible,
50,no_sdss,53,J023322.32+275613.1,Mrk 1179,simbad,Mrk 1179,Mrk 1179,,0.037599,0.1,no,,False,ned_simbad,no_civ_coverage,1,0.0,0.0,0.0,1,COS,Mrk 1179_COS,,
51,no_sdss,397,J153638.43+543332.5,Mrk  486,simbad,Mrk 486,Mrk  486,,0.0389,14.4,no,,False,uv_anchor,fit,1,1.0,1.0,1.0,2,COS;FOS,Mrk 486_COS;Mrk 486_FOS,,
52,no_sdss,472,J235152.77+261932.5,LEDA 1771917,simbad,LEDA 1771917,LEDA 1771917,,0.04,1441.3,yes,,False,ned_simbad,civ_partial,3,0.7571,0.0,0.0,1,COS,LEDA 1771917_COS,gtr_reproducible,
53,no_sdss,82,J070841.47-493307.1,1H 0707-495,sulentic,LEDA 88588,LEDA   88588,yes,0.0408,14.4,no,,False,uv_anchor,fit,3,1.0,1.0,1.0,1,STIS,LEDA 88588_STIS,gtr_reproducible,
54,no_sdss,278,J125614.18+565224.9,Mrk 231,mast,Mrk 231,[KGP99] 125405.0000+570838.098,,0.04147,1.4,no,,False,uv_anchor,fit,1,1.0,1.0,1.0,3,COS;FOS;STIS,Mrk 231_COS;Mrk 231_FOS;Mrk 231_STIS,,
55,no_sdss,81,J065938.13+541147.6,MCG+09-12-016,simbad,MKN 374,MCG+09-12-016,,0.0426,14.4,no,,False,ned_simbad,iue_only,,0.0,0.0,0.0,0,,,,
56,no_sdss,47,J020615.99-001729.2,Z 387-34,simbad,Mrk 1018,Z 387-34,,0.04261,1.4,no,,False,ned_simbad,fit,,1.0,0.0,0.0,2,COS;FOS,Mrk 1018_COS;Mrk 1018_FOS,,
57,no_sdss,54,J023437.85-084716.7,NGC   985,simbad,NGC 985,NGC   985,,0.04271,1.4,no,,False,uv_anchor,fit,1,1.0,1.0,0.0,2,COS;STIS,NGC 985_COS;NGC 985_STIS,,
58,no_sdss,268,J124210.60+331702.6,LEDA   42648,simbad,IRASF12397+3333,LEDA   42648,,0.043513,0.1,no,,False,ned_simbad,no_civ_coverage,1,0.0,0.0,0.0,1,COS,IRASF12397+3333_COS,,
59,no_sdss,170,J102531.28+514034.8,Mrk  142,simbad,Mrk 142,Mrk  142,,0.04494,1.4,no,,False,uv_anchor,fit,3,1.0,1.0,1.0,1,STIS,Mrk 142_STIS,gtr_reproducible,
60,no_sdss,35,J012345.74-584820.8,Fairall 9,sulentic,ESO 113-45,ESO 113-45,yes,0.0461,14.3,no,,False,uv_anchor,fit,2,1.0,1.0,1.0,3,COS;FOS;STIS,ESO 113-45_COS;ESO 113-45_FOS;ESO 113-45_STIS,,
61,no_sdss,12,J003620.92+453953.2,Z 535-12,simbad,Z 535-12,Z 535-12,,0.047643,0.1,no,,False,ned_simbad,civ_partial,3,0.7786,0.0,0.0,1,COS,Z 535-12_COS,gtr_reproducible,
62,no_sdss,166,J101932.86-032014.9,Z   8-93,simbad,Mrk 1253,Z   8-93,,0.049986,0.1,no,,False,ned_simbad,civ_partial,3,0.7367,0.0,0.0,1,COS,Mrk 1253_COS,gtr_reproducible,
63,no_sdss,136,J093701.05+010544.0,Z   7-13,simbad,PG 0934+0119,Z   7-13,,0.0503,14.3,no,,False,ned_simbad,iue_only,,0.0,0.0,0.0,0,,,,
64,no_sdss,439,J184208.77+794616.6,3C 390.3,sulentic,3C390.3,[D81b] 3C 390.3 C,yes,0.0555,14.2,no,,False,uv_anchor,fit,2,1.0,1.0,1.0,1,FOS,3C390.3_FOS,,
65,no_sdss,438,J183503.40+324146.4,Z 173-14,simbad,ICRF J183503.3+324146,Z 173-14,,0.05787,1.4,no,,False,uv_anchor,no_civ_coverage,0,0.0,0.0,1.0,1,STIS,ICRF J183503.3+324146_STIS,,
66,no_sdss,20,J005050.74+353643.0,2MASS J00505073+3536429,simbad,2MASS J00505073+3536429,2MASS J00505073+3536429,,0.058,141.7,yes,,False,ned_simbad,civ_partial,1,0.6833,0.0,0.0,1,COS,2MASS J00505073+3536429_COS,,
67,no_sdss,164,J101420.67-041840.4,QSO B1011-040,simbad,QSO B1011-040,QSO B1011-040,,0.058314,0.1,no,,False,ned_simbad,civ_partial,3,0.7679,0.0,0.0,1,COS,QSO B1011-040_COS,alex_mask_NOT_reproducible,
68,no_sdss,451,J213622.98-622401.0,LEDA   89176,simbad,LEDA 89176,LEDA   89176,,0.059,141.5,yes,,False,ned_simbad,no_civ_coverage,,0.0,0.0,0.0,1,COS,LEDA 89176_COS,,
69,no_sdss,211,J112916.72-042407.4,Mrk 1298,simbad,Mrk 1298,Mrk 1298,,0.06,1414.1,yes,,False,ned_simbad,no_civ_coverage,1,0.0,0.0,0.0,1,COS,Mrk 1298_COS,,
70,no_sdss,22,J005334.97+124136.2,UGC 00545,sulentic,Mrk 1502,Mrk 1502,yes,0.0605,14.1,no,,False,uv_anchor,fit,,1.0,1.0,1.0,3,COS;FOS;STIS,Mrk 1502_COS;Mrk 1502_FOS;Mrk 1502_STIS,,
71,no_sdss,26,J005720.03-222256.2,TON S180,sulentic,TON-S180,Ton S 180,yes,0.062,141.1,yes,,False,uv_anchor,fit,3,1.0,1.0,1.0,1,STIS,TON-S180_STIS,alex_mask_NOT_reproducible,
72,no_sdss,450,J213227.87+100818.9,Mrk 1513,simbad,Mrk 1513,Mrk 1513,,0.062,141.1,yes,,False,ned_simbad,civ_partial,,0.7071,0.0,0.0,2,COS;STIS,Mrk 1513_COS;Mrk 1513_STIS,,
73,no_sdss,28,J010027.10-511354.1,LEDA 3095485,simbad,LEDA 3095485,LEDA 3095485,,0.062817,0.1,no,,False,ned_simbad,fit,3,1.0,0.0,0.0,2,COS;STIS,LEDA 3095485_COS;LEDA 3095485_STIS,,
74,no_sdss,462,J225405.84-173455.1,MR 2251-178,sulentic,MR 2251-178,NAME MR 2251-178,yes,0.0638,14.1,no,,False,uv_anchor,fit,,1.0,1.0,1.0,3,COS;FOS;STIS,MR 2251-178_COS;MR 2251-178_FOS;MR 2251-178_STIS,,
75,no_sdss,21,J005154.75+172558.4,Mrk 1148,simbad,Mrk 1148,Mrk 1148,,0.064,140.9,yes,,False,ned_simbad,civ_partial,3,0.7714,0.0,0.0,1,COS,Mrk 1148_COS,gtr_reproducible,
76,no_sdss,110,J084742.47+344503.9,Ton  951,simbad,Ton 951,Ton  951,,0.064,140.9,yes,,False,uv_anchor,civ_partial,1,0.0893,0.0,1.0,2,COS;FOS,Ton 951_COS;Ton 951_FOS,,
77,no_sdss,260,J123203.61+200929.5,Z  99-79,simbad,Mrk 771,Z  99-79,,0.064,140.9,yes,,False,ned_simbad,no_civ_coverage,0,0.0,0.0,0.0,2,COS;STIS,Mrk 771_COS;Mrk 771_STIS,,
78,no_sdss,412,J161519.05-093613.2,2MASS J16151905-0936132,simbad,2MASS J16151905-0936132,2MASS J16151905-0936132,,0.06496,1.4,no,,False,ned_simbad,no_civ_coverage,,0.0,0.0,0.0,1,COS,2MASS J16151905-0936132_COS,,
79,no_sdss,302,J132519.25-382453.9,2MASX J13251937-382452,sulentic,LEDA 88835,LEDA   88835,yes,0.0667,14.1,no,,False,uv_anchor,fit,2,1.0,1.0,1.0,2,COS;STIS,LEDA 88835_COS;LEDA 88835_STIS,,
80,no_sdss,69,J043829.19-614758.9,LEDA 3095694,simbad,LEDA 3095694,LEDA 3095694,,0.069001,0.1,no,,False,ned_simbad,no_civ_coverage,,0.0,0.0,0.0,1,COS,LEDA 3095694_COS,,
81,no_sdss,251,J122144.09+751838.0,MRK 0205,sulentic,Mrk 205,Mrk  205,yes,0.0711,14.0,no,,False,uv_anchor,fit,1,1.0,1.0,1.0,2,FOS;STIS,Mrk 205_FOS;Mrk 205_STIS,,
82,no_sdss,378,J144207.46+352622.8,MRK 0478,sulentic,Mrk 478,Mrk  478,yes,0.0771,13.9,no,,False,uv_anchor,fit,1,1.0,1.0,1.0,3,COS;FOS;STIS,Mrk 478_COS;Mrk 478_FOS;Mrk 478_STIS,,
83,no_sdss,440,J185801.13+485023.3,1RXS J185800.9+485020,simbad,1RXS J185800.9+485020,1RXS J185800.9+485020,,0.079,138.9,yes,,False,ned_simbad,fit,3,1.0,0.0,0.0,1,COS,1RXS J185800.9+485020_COS,gtr_reproducible,
84,no_sdss,445,J200552.99-413442.1,LEDA 3096578,simbad,LEDA 3096578,LEDA 3096578,,0.079632,0.1,no,,False,ned_simbad,no_civ_coverage,,0.0,0.0,0.0,1,COS,LEDA 3096578_COS,,
85,no_sdss,15,J004342.46+372519.1,1RXS J004343.6+372521,simbad,LEDA 2100384,1RXS J004343.6+372521,,0.08,1387.9,yes,,False,ned_simbad,no_civ_coverage,,0.0,0.0,0.0,1,COS,LEDA 2100384_COS,,
86,no_sdss,242,J121417.66+140312.4,PG 1211+143,sulentic,PB 3894,PB  3894,yes,0.0811,13.9,no,,False,uv_anchor,fit,2,1.0,1.0,1.0,3,COS;FOS;STIS,PB 3894_COS;PB 3894_FOS;PB 3894_STIS,,
87,no_sdss,261,J123235.82+060309.9,2MASS J12323582+0603098,simbad,2MASS J12323582+0603098,2MASS J12323582+0603098,,0.083473,0.1,no,,False,ned_simbad,no_civ_coverage,1,0.0,0.0,0.0,1,COS,2MASS J12323582+0603098_COS,,
88,no_sdss,369,J142906.47+011705.3,Mrk 1383,simbad,Mrk 1383,Mrk 1383,,0.086,138.0,yes,,False,ned_simbad,fit,3,0.9693,0.0,0.0,1,STIS,Mrk 1383_STIS,gtr_reproducible,
89,no_sdss,320,J135315.83+634545.5,PG 1351+640,sulentic,PG1351+640,2XMM J135315.8+634546,yes,0.0882,13.8,no,,False,uv_anchor,fit,1,1.0,1.0,1.0,3,COS;FOS;STIS,PG1351+640_COS;PG1351+640_FOS;PG1351+640_STIS,,
90,no_sdss,345,J141348.31+440013.6,LEDA   50824,simbad,LEDA 50824,LEDA   50824,,0.089,137.6,yes,,False,uv_anchor,fit,1,1.0,1.0,1.0,3,COS;FOS;STIS,LEDA 50824_COS;LEDA 50824_FOS;LEDA 50824_STIS,,
91,no_sdss,5,J001031.01+105829.5,Mrk 1501,simbad,Mrk 1501,Mrk 1501,,0.08934,1.4,no,,False,uv_anchor,no_civ_coverage,0,0.0,0.0,1.0,2,COS;FOS,Mrk 1501_COS;Mrk 1501_FOS,,
92,no_sdss,94,J081058.59+760241.8,2MASS J08105865+7602424,simbad,2MASS J08105865+7602424,2MASS J08105865+7602424,,0.1,13626.9,yes,,False,ned_simbad,fit,2,1.0,0.0,0.0,2,COS;STIS,2MASS J08105865+7602424_COS;2MASS J08105865+7602424_STIS,,
93,no_sdss,460,J224841.20-510953.1,2MASS J22484115-5109532,simbad,2MASS J22484115-5109532,2MASS J22484115-5109532,,0.1,13626.9,yes,,False,ned_simbad,fit,3,1.0,0.0,0.0,1,COS,2MASS J22484115-5109532_COS,gtr_reproducible,"2MASX J22484165-5109338 (Sy1, 19"")"
94,no_sdss,55,J024309.60-721648.4,LEDA   10293,simbad,LEDA 10293,LEDA   10293,,0.102,136.0,yes,,False,ned_simbad,fit,3,1.0,0.0,0.0,1,COS,LEDA 10293_COS,gtr_reproducible,
95,no_sdss,67,J042600.77-571201.1,LB  1727,simbad,LB 1727,LB  1727,,0.104,135.8,yes,,False,ned_simbad,fit,3,1.0,0.0,0.0,1,COS,LB 1727_COS,gtr_reproducible,
96,no_sdss,416,J162011.29+172425.7,Mrk  877,simbad,PG 1617+175,Mrk  877,,0.114,134.6,yes,,False,ned_simbad,no_civ_coverage,,0.0,0.0,0.0,1,COS,PG 1617+175_COS,,
97,no_sdss,34,J012151.53-282057.8,Ton S 210,simbad,Ton S 210,Ton S 210,,0.116,134.3,yes,,False,ned_simbad,fit,1,1.0,0.0,0.0,2,COS;STIS,Ton S 210_COS;Ton S 210_STIS,,
98,no_sdss,258,J123050.01+011521.5,2MASS J12305003+0115226,simbad,2MASS J12305003+0115226,2MASS J12305003+0115226,,0.117,134.2,yes,,False,ned_simbad,fit,1,1.0,0.0,0.0,2,COS;STIS,2MASS J12305003+0115226_COS;2MASS J12305003+0115226_STIS,,
99,no_sdss,13,J003623.00+431640.1,LEDA 3095439,simbad,LEDA 3095439,LEDA 3095439,,0.12,1338.4,yes,,False,ned_simbad,fit,3,0.8389,0.0,0.0,1,COS,LEDA 3095439_COS,gtr_reproducible,
100,no_sdss,468,J232554.24+215314.0,SWIFT J2325.6+2157,simbad,SWIFT J2325.6+2157,SWIFT J2325.6+2157,,0.12,1338.4,yes,,False,ned_simbad,fit,3,1.0,0.0,0.0,1,COS,SWIFT J2325.6+2157_COS,gtr_reproducible,
101,no_sdss,377,J143816.15-065820.6,LEDA   52314,simbad,LEDA 52314,LEDA   52314,,0.126,133.1,yes,,False,uv_anchor,fit,2,1.0,1.0,0.9684,2,COS;STIS,LEDA 52314_COS;LEDA 52314_STIS,,
102,no_sdss,77,J062307.69-643620.7,QSO J0623-6436,simbad,QSO J0623-6436,QSO J0623-6436,,0.129,132.8,yes,,False,ned_simbad,fit,3,0.839,0.0,0.0,1,COS,QSO J0623-6436_COS,alex_mask_NOT_reproducible,
103,no_sdss,410,J161357.19+654309.9,Mrk  876,simbad,Mrk 876,Mrk  876,,0.129,132.8,yes,,False,ned_simbad,fit,1,0.9785,0.0,0.0,2,COS;STIS,Mrk 876_COS;Mrk 876_STIS,,
104,no_sdss,355,J141903.90-131044.8,[HB89] 1416-129,sulentic,PG1416-129,[OKM2018] SWIFT J1419.0-1323,yes,0.1294,13.3,no,,False,uv_anchor,fit,3,1.0,1.0,0.0,1,FOS,PG1416-129_FOS,gtr_reproducible,
105,no_sdss,108,J084445.26+765309.4,MCG+13-07-002,simbad,MCG+13-07-002,MCG+13-07-002,,0.132302,0.1,no,,False,ned_simbad,fit,3,0.8849,0.0,0.0,1,COS,MCG+13-07-002_COS,gtr_reproducible,
106,no_sdss,419,J162756.11+552231.5,SBS 1626+554,sulentic,QSO B1626+5529,QSO B1626+5529,yes,0.1326,13.2,no,,False,uv_anchor,fit,2,1.0,1.0,1.0,2,COS;FOS,QSO B1626+5529_COS;QSO B1626+5529_FOS,,
107,no_sdss,19,J004818.98+394111.6,2MASS J00481898+3941116,simbad,ZTF J004818.97+394111.8,2MASS J00481898+3941116,,0.135,132.1,yes,,False,ned_simbad,fit,3,0.8806,0.0,0.0,1,COS,ZTF J004818.97+394111.8_COS,gtr_reproducible,
108,no_sdss,11,J002913.71+131603.8,PG 0026+129,sulentic,LEDA 1790,LEDA    1790,yes,0.1451,13.1,no,,False,uv_anchor,fit,1,1.0,1.0,1.0,3,COS;FOS;STIS,LEDA 1790_COS;LEDA 1790_FOS;LEDA 1790_STIS,,
109,no_sdss,156,J100532.72-241716.1,LEDA   82580,simbad,LEDA 82580,LEDA   82580,,0.154,129.9,yes,,False,ned_simbad,fit,1,0.9086,0.0,0.0,1,COS,LEDA 82580_COS,,
110,no_sdss,24,J005452.13+252539.0,PG 0052+251,sulentic,LEDA 3237,LEDA    3237,yes,0.1543,13.0,no,,False,uv_anchor,fit,2,1.0,1.0,0.0,3,COS;FOS;STIS,LEDA 3237_COS;LEDA 3237_FOS;LEDA 3237_STIS,,
111,no_sdss,257,J122906.70+020308.0,3C 273,sulentic,3C 273,3C 273,yes,0.1583,12.9,no,,False,uv_anchor,fit,1,1.0,1.0,1.0,3,COS;FOS;STIS,3C 273_COS;3C 273_FOS;3C 273_STIS,,
112,no_sdss,331,J140516.21+255533.6,FBQS J140516.1+255534,sulentic,PG1402+261,Ton  182,yes,0.1633,12.9,no,,False,uv_anchor,fit,2,1.0,1.0,1.0,2,FOS;STIS,PG1402+261_FOS;PG1402+261_STIS,,
113,no_sdss,301,J132349.50+654148.2,PG 1322+659,sulentic,PG1322+659,2MASS J13234951+6541480,yes,0.1674,12.8,no,,False,uv_anchor,fit,,1.0,1.0,1.0,2,FOS;STIS,PG1322+659_FOS;PG1322+659_STIS,,
114,no_sdss,436,J172819.79-141555.9,QSO B1725-142,mast,QSO B1725-142,[YAZ2019] C1,,0.185,126.5,yes,,False,uv_anchor,fit,1,1.0,1.0,0.0,2,COS;STIS,QSO B1725-142_COS;QSO B1725-142_STIS,,
115,no_sdss,16,J004354.98+423430.2,QSO J0043+4234,simbad,2MASS J00435499+4234302,QSO J0043+4234,,0.191,125.9,yes,,False,ned_simbad,fit,3,1.0,0.0,0.0,1,COS,2MASS J00435499+4234302_COS,gtr_reproducible,
116,no_sdss,452,J213745.21-143255.9,[HB89] 2135-147,sulentic,ICRF J213745.1-143255,ICRF J213745.1-143255,yes,0.2004,12.5,no,,False,uv_anchor,fit,,1.0,1.0,0.0,3,COS;FOS;STIS,ICRF J213745.1-143255_COS;ICRF J213745.1-143255_FOS;ICRF J213745.1-143255_STIS,,
117,no_sdss,453,J214335.56+174349.1,[HB89] 2141+175,sulentic,OX169,QSO B2141+1730,yes,0.2106,12.4,no,,False,uv_anchor,fit,3,1.0,1.0,0.0,1,FOS,OX169_FOS,gtr_reproducible,
118,no_sdss,295,J131950.29-015804.5,LBQS 1317-0142,sulentic,LBQS1317-0142,LBQS 1317-0142,yes,0.225,122.4,yes,,False,uv_anchor,fit,3,1.0,0.9688,0.0,1,FOS,LBQS1317-0142_FOS,gtr_reproducible,
119,no_sdss,146,J095652.38+411522.4,PG 0953+414,sulentic,PG0953+415,PG 0953+414,yes,0.2347,12.1,no,,False,uv_anchor,fit,1,1.0,1.0,0.0,3,COS;FOS;STIS,PG0953+415_COS;PG0953+415_FOS;PG0953+415_STIS,,
120,no_sdss,216,J113504.90-031852.4,LBQS 1132-0302,sulentic,LBQS1132-0302,LBQS 1132-0302,yes,0.236,121.3,yes,,False,uv_anchor,fit,3,1.0,0.92,0.0,1,FOS,LBQS1132-0302_FOS,gtr_reproducible,
121,no_sdss,37,J013416.80-425827.0,HE 0132-4313,sulentic,RXJ0134-42,2MASS J01341690-4258262,yes,0.237,121.2,yes,,False,uv_anchor,fit,3,1.0,1.0,1.0,1,FOS,RXJ0134-42_FOS,alex_mask_NOT_reproducible,
122,no_sdss,40,J013957.27+013146.3,UM 355,sulentic,PHL1093,ICRF J013957.3+013146,yes,0.26,1189.7,yes,,False,uv_anchor,fit,3,1.0,1.0,0.0,1,FOS,PHL1093_FOS,alex_mask_NOT_reproducible,
123,no_sdss,283,J130532.99-103319.8,PG 1302-102,sulentic,ICRF J130533.0-103319,QSO J1305-1033,yes,0.2783,11.7,no,,False,uv_anchor,fit,2,1.0,1.0,0.0,3,COS;FOS;STIS,ICRF J130533.0-103319_COS;ICRF J130533.0-103319_FOS;ICRF J130533.0-103319_STIS,,
124,no_sdss,72,J045230.04-295335.3,IRAS 04505-2958,sulentic,IR0450-2958,[MSE2017] B2,yes,0.2855,11.7,no,,False,ned_simbad,fit,3,1.0,0.0,0.0,1,FOS,IR0450-2958_FOS,gtr_reproducible,
125,no_sdss,428,J170124.89+514920.1,IRAS 17002+5153,simbad,PG1700+518,IRAS 17002+5153,,0.292,116.0,yes,,False,uv_anchor,fit,1,1.0,1.0,0.0,2,FOS;STIS,PG1700+518_FOS;PG1700+518_STIS,,
126,no_sdss,454,J220315.00+314537.8,[HB89] 2201+315,sulentic,J2203+3145,4C 31.63,yes,0.2952,11.6,no,,False,uv_anchor,fit,,1.0,1.0,1.0,2,COS;FOS,J2203+3145_COS;J2203+3145_FOS,,
127,no_sdss,437,J182157.12+642036.5,[HB89] 1821+643,sulentic,H1821+643,7C 1821+6419,yes,0.2972,11.6,no,,False,uv_anchor,fit,1,1.0,1.0,0.0,3,COS;FOS;STIS,H1821+643_COS;H1821+643_FOS;H1821+643_STIS,,
128,no_sdss,443,J192748.51+735801.8,[HB89] 1928+738,sulentic,4C73-18,4C 73.18,yes,0.3021,11.5,no,,False,uv_anchor,fit,3,1.0,1.0,0.0,1,FOS,4C73-18_FOS,gtr_reproducible,
129,no_sdss,185,J110413.80+765858.1,PG 1100+772,sulentic,[OKM2018] SWIFT J1104.8+7689,[OKM2018] SWIFT J1104.8+7689,yes,0.3116,11.4,no,,False,uv_anchor,fit,1,1.0,1.0,1.0,2,FOS;STIS,[OKM2018] SWIFT J1104.8+7689_FOS;[OKM2018] SWIFT J1104.8+7689_STIS,,
130,no_sdss,383,J145427.37-374733.9,[HB89] 1451-375,sulentic,PKS1451-375,QSO B1451-375,yes,0.314,114.1,yes,,False,ned_simbad,fit,3,1.0,0.0,0.0,1,FOS,PKS1451-375_FOS,alex_mask_NOT_reproducible,
131,no_sdss,325,J135900.18-415252.8,[HB89] 1355-416,sulentic,QSO B1355-4138,QSO B1355-4138,yes,0.3145,11.4,no,,False,ned_simbad,fit,1,1.0,0.0,0.0,2,COS;FOS,QSO B1355-4138_COS;QSO B1355-4138_FOS,,
132,no_sdss,463,J225410.41+113638.9,[HB89] 2251+113,sulentic,4C 11.72,4C 11.72,yes,0.3256,11.3,no,,False,uv_anchor,fit,2,1.0,1.0,1.0,2,FOS;STIS,4C 11.72_FOS;4C 11.72_STIS,,"LAMOST J225410.59+113635.8 (QSO, 4"")"
133,no_sdss,247,J121920.95+063838.4,PG 1216+069,sulentic,PG 1216+069,PG 1216+069,yes,0.3322,11.3,no,,False,uv_anchor,fit,2,1.0,1.0,0.0,3,COS;FOS;STIS,PG 1216+069_COS;PG 1216+069_FOS;PG 1216+069_STIS,,
134,no_sdss,78,J063002.61+690503.1,HS 0624+6907,sulentic,QSO B0624+6907,QSO B0624+6907,yes,0.3702,10.9,no,,False,uv_anchor,fit,3,1.0,1.0,0.0,2,FOS;STIS,QSO B0624+6907_FOS;QSO B0624+6907_STIS,,
135,no_sdss,421,J163013.58+375821.0,QSO B1628+380,simbad,1628.5+3808,QSO B1628+380,,0.3945,10.7,no,,False,ned_simbad,fit,1,1.0,0.0,0.0,1,FOS,1628.5+3808_FOS,,
136,no_sdss,50,J021707.66+110409.5,[HB89] 0214+108,sulentic,PKS0214+10,4C 10.06,yes,0.408,106.5,yes,,False,uv_anchor,fit,3,1.0,1.0,1.0,1,FOS,PKS0214+10_FOS,alex_mask_NOT_reproducible,
137,no_sdss,116,J090631.86+164612.2,3C 215,sulentic,3C215,LB  9308,yes,0.4113,10.6,no,,False,uv_anchor,fit,3,1.0,1.0,1.0,1,FOS,3C215_FOS,gtr_reproducible,
138,no_sdss,467,J231117.80+100816.1,[HB89] 2308+098,sulentic,PG2308+098,4C 09.72,yes,0.4341,10.5,no,,False,uv_anchor,fit,,1.0,1.0,0.0,1,FOS,PG2308+098_FOS,,
139,no_sdss,3,J000559.22+160949.0,PG 0003+158,sulentic,ICRF J000559.2+160949,ICRF J000559.2+160949,yes,0.4504,10.3,no,,False,uv_anchor,fit,2,1.0,1.0,0.0,2,COS;FOS,ICRF J000559.2+160949_COS;ICRF J000559.2+160949_FOS,,
140,no_sdss,448,J211452.58+060742.6,[HB89] 2112+059,sulentic,2MASS J21145258+0607423,2MASS J21145258+0607423,yes,0.4608,10.3,no,,False,uv_anchor,fit,2,1.0,1.0,0.0,3,COS;FOS;STIS,2MASS J21145258+0607423_COS;2MASS J21145258+0607423_FOS;2MASS J21145258+0607423_STIS,,
141,no_sdss,449,J213135.29-120704.9,[HB89] 2128-123,sulentic,QSO B2128-123,QSO B2128-123,yes,0.4996,10.0,no,,False,uv_anchor,fit,2,1.0,1.0,0.0,2,COS;FOS,QSO B2128-123_COS;QSO B2128-123_FOS,,
142,no_sdss,465,J230343.50-680737.1,[HB89] 2300-683,sulentic,PKS2300-68,QSO B2300-683,yes,0.5158,9.9,no,,False,uv_anchor,fit,3,1.0,1.0,0.0,1,FOS,PKS2300-68_FOS,alex_mask_NOT_reproducible,
143,no_sdss,73,J045608.90-215909.3,[HB89] 0454-220,sulentic,J04561-2159,QSO J0456-2159,yes,0.5346,9.8,no,,False,uv_anchor,fit,0,1.0,1.0,1.0,3,COS;FOS;STIS,J04561-2159_COS;J04561-2159_FOS;J04561-2159_STIS,,
144,no_sdss,219,J113910.70-135043.5,[HB89] 1136-135,sulentic,Crt A,QSO J1139-1350,yes,0.5562,9.6,no,,False,uv_anchor,fit,2,1.0,1.0,0.0,2,COS;FOS,Crt A_COS;Crt A_FOS,,
145,no_sdss,63,J040533.97-130814.0,[HB89] 0403-132,sulentic,PKS0403-13,QSO B0403-132A,yes,0.5705,9.5,no,,False,uv_anchor,fit,3,1.0,1.0,1.0,1,FOS,PKS0403-13_FOS,,
146,no_sdss,17,J004458.78+102652.8,[HB89] 0042+101,sulentic,MC0042+101,QSO B0042+101,yes,0.5857,9.5,no,,False,uv_anchor,fit,3,1.0,1.0,0.0,1,FOS,MC0042+101_FOS,gtr_reproducible,
147,no_sdss,70,J044117.30-431343.9,[HB89] 0439-433,sulentic,QSO J0441-4313,[CL2003] PKS 0439-433 1,yes,0.5938,9.4,no,,False,uv_anchor,fit,2,1.0,1.0,0.0,3,COS;FOS;STIS,QSO J0441-4313_COS;QSO J0441-4313_FOS;QSO J0441-4313_STIS,,
148,no_sdss,61,J035128.57-142908.4,3C 095,sulentic,3C 95,3C  95,yes,0.616,92.8,yes,,False,uv_anchor,fit,2,1.0,1.0,0.0,2,COS;FOS,3C 95_COS;3C 95_FOS,,
149,no_sdss,18,J004705.90+031954.9,PG 0044+030,sulentic,87GB 004432.0+030343,87GB 004432.0+030343,yes,0.6231,9.2,no,,False,uv_anchor,fit,2,1.0,1.0,0.0,2,COS;FOS,87GB 004432.0+030343_COS;87GB 004432.0+030343_FOS,,
150,no_sdss,459,J224618.19-120651.2,[HB89] 2243-123,sulentic,PKS2243-123,QSO J2246-1206,yes,0.6255,9.2,no,,False,uv_anchor,fit,3,1.0,1.0,0.0,1,FOS,PKS2243-123_FOS,alex_mask_NOT_reproducible,
151,no_sdss,221,J113957.03+654749.3,3C 263,sulentic,ICRF J113957.0+654749,ICRF J113957.0+654749,yes,0.6465,9.1,no,,False,uv_anchor,fit,1,1.0,1.0,1.0,2,COS;FOS,ICRF J113957.0+654749_COS;ICRF J113957.0+654749_FOS,,
152,no_sdss,79,J063546.66-751616.6,[HB89] 0637-752,sulentic,QSO J0635-7516,QSO J0635-7516,yes,0.651,90.8,yes,,False,uv_anchor,fit,2,1.0,1.0,0.0,2,COS;FOS,QSO J0635-7516_COS;QSO J0635-7516_FOS,,
153,no_sdss,46,J020157.17-113233.3,3C 057,sulentic,ICRF J020157.1-113233,ICRF J020157.1-113233,yes,0.6713,9.0,no,,False,uv_anchor,fit,2,1.0,1.0,0.0,2,COS;FOS,ICRF J020157.1-113233_COS;ICRF J020157.1-113233_FOS,,
154,no_sdss,471,J234636.89+093046.0,[HB89] 2344+092,sulentic,PKS2344+09,4C 09.74,yes,0.6719,9.0,no,,False,uv_anchor,fit,3,1.0,0.9956,0.0,1,FOS,PKS2344+09_FOS,alex_mask_NOT_reproducible,
155,no_sdss,64,J041716.71-055345.8,3C 110,sulentic,3C110,2E   962,yes,0.7744,8.4,no,,False,ned_simbad,fit,3,1.0,0.0,0.0,1,FOS,3C110_FOS,gtr_reproducible,
156,no_sdss,38,J013738.30-243053.9,[HB89] 0135-247,sulentic,ICRF J013738.3-243053,QSO B0135-2446,yes,0.835,81.7,yes,,False,ned_simbad,fit,3,1.0,0.0,0.0,1,STIS,ICRF J013738.3-243053_STIS,gtr_reproducible,
157,no_sdss,461,J225357.76+160853.2,3C 454.3,sulentic,3C 454.3,3C 454.3,yes,0.8586,8.1,no,,False,uv_anchor,fit,2,1.0,1.0,1.0,2,COS;FOS,3C 454.3_COS;3C 454.3_FOS,,
158,no_sdss,455,J221852.08-033537.3,[HB89] 2216-038,sulentic,PKS2216-03,4C -03.79,yes,0.901,78.9,yes,,False,uv_anchor,fit,,1.0,1.0,0.0,1,FOS,PKS2216-03_FOS,,
159,no_sdss,66,J042315.78-012033.9,[HB89] 0420-014,sulentic,PKS0420-01,QSO B0420-0127,yes,0.915,78.3,yes,,False,ned_simbad,fit,2,1.0,0.0,0.0,2,FOS;STIS,PKS0420-01_FOS;PKS0420-01_STIS,,
160,sdss,243,J121417.95+293144.2,7C 121146.50+294816.00,simbad,WAS 49,7C 121146.50+294816.00,,0.0633,14.1,no,1,True,sdss_oiii,iue_only,,0.0,0.0,0.0,0,,,,"2MASX J12141820+2931464 (Sy2, 5"")"
161,sdss,381,J145108.70+270927.0,2MASX J14510879+2709272,simbad,2MASX J14510879+2709272,2MASX J14510879+2709272,,0.0648217705016947,0.0,no,1,True,uv_anchor,fit,1,1.0,1.0,1.0,2,COS;STIS,2MASX J14510879+2709272_COS;2MASX J14510879+2709272_STIS,,
162,sdss,363,J142129.82+474726.1,LEDA  140305,simbad,QSO1419+48,LEDA  140305,,0.0726,14.0,no,1,True,sdss_oiii,iue_only,,0.0,0.0,0.0,0,,,,"SDSS J142130.04+474728.6 (AGN, 4"")"
163,sdss,334,J140700.40+282714.6,Mrk  668,simbad,OQ208,Mrk  668,,0.0764120605669926,0.0,no,1,True,uv_anchor,fit,1,1.0,1.0,0.0,1,FOS,OQ208_FOS,,
164,sdss,59,J031027.80-004950.8,LEDA  138607,simbad,LEDA 138607,LEDA  138607,,0.0804266222243994,0.0,no,1,True,sdss_oiii,no_civ_coverage,1,0.0,0.0,0.0,1,COS,LEDA 138607_COS,,
165,sdss,141,J094745.09+072520.1,ATO J146.9381+07.4223,simbad,3C 227,ATO J146.9381+07.4223,,0.0862,13.8,no,1,True,sdss_oiii,iue_only,,0.0,0.0,0.0,0,,,,
166,sdss,313,J134356.72+253847.5,Ton  730,simbad,Ton 730,Ton  730,,0.086539683507218,0.0,no,1,True,sdss_oiii,no_civ_coverage,,0.0,0.0,0.0,2,COS;STIS,Ton 730_COS;Ton 730_STIS,,
167,sdss,71,J044428.77+122111.7,LEDA 2816425,simbad,IRAS04416+1215,LEDA 2816425,,0.0892256129861164,0.0,no,1,True,sdss_oiii,fit,0,1.0,0.0,0.0,1,COS,IRAS04416+1215_COS,,
168,sdss,333,J140621.89+222346.7,PG 1404+226,sulentic,PG1404+226,PG 1404+226,yes,0.098618442998925,0.0,no,1,True,uv_anchor,fit,1,1.0,1.0,1.0,2,FOS;STIS,PG1404+226_FOS;PG1404+226_STIS,,
169,sdss,367,J142725.06+194952.6,MRK 0813,sulentic,Mrk813,Mrk  813,yes,0.1107561091936612,0.0,no,1,True,uv_anchor,fit,1,1.0,1.0,0.0,1,FOS,Mrk813_FOS,,
170,sdss,348,J141700.84+445606.2,PG 1415+451,sulentic,LEDA 51016,LEDA   51016,yes,0.1138140055114756,0.0,no,1,True,uv_anchor,fit,2,1.0,1.0,1.0,3,COS;FOS;STIS,LEDA 51016_COS;LEDA 51016_FOS;LEDA 51016_STIS,,
171,sdss,314,J134617.55+622045.3,6C 134441+623604,simbad,6C 134441+623604,6C 134441+623604,,0.1164308027393893,0.0,no,1,True,uv_anchor,no_civ_coverage,0,0.0,0.0,1.0,2,COS;STIS,6C 134441+623604_COS;6C 134441+623604_STIS,,
172,sdss,119,J091009.93+481341.5,2MASX J09101004+4813419,simbad,Q 0906+484,2MASX J09101004+4813419,,0.1173,13.4,no,1,True,sdss_oiii,iue_only,,0.0,0.0,0.0,0,,,,
173,sdss,284,J130534.48+181932.9,ZW VIII 233,simbad,2MASX J13053451+1819328,ZW VIII 233,,0.1178946587914367,0.0,no,1,True,uv_anchor,fit,1,1.0,0.0,1.0,2,COS;STIS,2MASX J13053451+1819328_COS;2MASX J13053451+1819328_STIS,,
174,sdss,405,J155444.58+082221.5,LEDA   56356,simbad,PG1552+085,LEDA   56356,,0.1194697544164308,0.0,no,1,True,uv_anchor,fit,1,1.0,1.0,1.0,1,STIS,PG1552+085_STIS,,
175,sdss,88,J075101.42+291419.1,ATO J117.7559+29.2386,simbad,ATO J117.7559+29.2386,ATO J117.7559+29.2386,,0.1210142853943256,0.0,no,1,True,sdss_oiii,fit,1,1.0,0.0,0.0,1,COS,ATO J117.7559+29.2386_COS,,
176,sdss,322,J135516.55+561244.6,LEDA 2816068,simbad,LEDA 2816068,LEDA 2816068,,0.1218034353514376,0.0,no,1,True,sdss_oiii,fit,1,1.0,0.0,0.0,1,COS,LEDA 2816068_COS,,
177,sdss,125,J091955.35+552137.4,Mrk  106,simbad,Mrk 106,Mrk  106,,0.12314997798642,0.0,no,1,True,sdss_oiii,fit,,1.0,0.0,0.0,1,COS,Mrk 106_COS,,
178,sdss,389,J152139.61+033729.2,2MASS J15213967+0337292,simbad,2MASS J15213967+0337292,2MASS J15213967+0337292,,0.1262864548589803,0.0,no,1,True,sdss_oiii,fit,1,0.8465,0.0,0.0,1,COS,2MASS J15213967+0337292_COS,,
179,sdss,228,J115346.15+561935.2,LEDA 3096080,simbad,LEDA 3096080,LEDA 3096080,,0.1291216814377574,0.0,no,1,True,sdss_oiii,civ_partial,1,0.5714,0.0,0.0,1,COS,LEDA 3096080_COS,,
180,sdss,411,J161413.24+260416.5,[HB89] 1612+261,sulentic,J16142+2604,Ton  256,yes,0.1308076966203416,0.0,no,1,True,uv_anchor,fit,,1.0,1.0,0.0,1,FOS,J16142+2604_FOS,,
181,sdss,44,J015536.02+311517.9,LEDA 3095555,simbad,LEDA 3095555,LEDA 3095555,,0.1337249806307565,0.0,no,1,True,sdss_oiii,fit,2,0.8982,0.0,0.0,1,COS,LEDA 3095555_COS,,
182,sdss,169,J102339.65+523349.6,2MASS J10233966+5233496,simbad,2MASS J10233966+5233496,2MASS J10233966+5233496,,0.1356801793143951,0.0,no,1,True,sdss_oiii,fit,1,1.0,0.0,0.0,1,COS,2MASS J10233966+5233496_COS,,
183,sdss,388,J152114.26+222743.8,LEDA   54782,simbad,LEDA 54782,LEDA   54782,,0.135780889147247,0.0,no,1,True,uv_anchor,fit,2,1.0,1.0,1.0,1,STIS,LEDA 54782_STIS,,
184,sdss,140,J094733.21+100508.8,LEDA 3095898,simbad,LEDA 3095898,LEDA 3095898,,0.1393702916149249,0.0,no,1,True,sdss_oiii,fit,2,0.8725,0.0,0.0,1,COS,LEDA 3095898_COS,,
185,sdss,91,J080101.41+184840.8,2MASS J08010140+1848409,simbad,2MASS J08010140+1848409,2MASS J08010140+1848409,,0.1402260052859415,0.0,no,1,True,uv_anchor,fit,1,1.0,1.0,1.0,2,COS;STIS,2MASS J08010140+1848409_COS;2MASS J08010140+1848409_STIS,,
186,sdss,280,J130036.22+134705.7,LEDA 1440438,simbad,LEDA 1440438,LEDA 1440438,,0.1422236107727236,0.0,no,1,True,sdss_oiii,fit,1,0.8833,0.0,0.0,1,COS,LEDA 1440438_COS,,
187,sdss,195,J111706.29+441334.0,PG 1114+445,sulentic,LEDA 34449,LEDA   34449,yes,0.1436504058603245,0.0,no,1,True,uv_anchor,fit,2,1.0,1.0,1.0,2,FOS;STIS,LEDA 34449_FOS;LEDA 34449_STIS,,
188,sdss,424,J163746.48+114949.1,LEDA 3096499,simbad,1635+119,LEDA 3096499,,0.1474,13.1,no,1,True,sdss_oiii,iue_only,,0.0,0.0,0.0,0,,,,
189,sdss,23,J005346.14+223222.2,2MASS J00534614+2232224,simbad,2MASS J00534614+2232224,2MASS J00534614+2232224,,0.1477439224844126,0.0,no,1,True,sdss_oiii,fit,0,0.8045,0.0,0.0,1,COS,2MASS J00534614+2232224_COS,,
190,sdss,124,J091848.61+211717.0,2MASSI J0918486+211717,simbad,2MASSI-J091848.6+211717,2MASSI J0918486+211717,,0.1494941623197378,0.0,no,1,True,uv_anchor,fit,0,1.0,1.0,1.0,1,STIS,2MASSI-J091848.6+211717_STIS,,
191,sdss,324,J135712.60+170444.0,2MASS J13571260+1704439,simbad,2MASS J13571260+1704439,2MASS J13571260+1704439,,0.1509047488583722,0.0,no,1,True,sdss_oiii,fit,1,0.8406,0.0,0.0,1,COS,2MASS J13571260+1704439_COS,,
192,sdss,321,J135435.66+180517.5,PG 1352+183,sulentic,PB 4142,PB  4142,yes,0.1509130171767141,0.0,no,1,True,uv_anchor,fit,2,1.0,1.0,1.0,2,COS;FOS,PB 4142_COS;PB 4142_FOS,,
193,sdss,414,J161742.50+322232.6,3C 332.0,simbad,3C 332.0,3C 332.0,,0.1509745000065142,0.0,no,1,True,uv_anchor,fit,1,1.0,1.0,1.0,2,FOS;STIS,3C 332.0_FOS;3C 332.0_STIS,,
194,sdss,202,J112114.04+032546.9,2MASS J11211423+0325466,simbad,SDSSJ112114.22+032546.7,2MASS J11211423+0325466,,0.152138166098905,0.0,no,1,True,sdss_oiii,fit,1,0.8374,0.0,0.0,1,COS,SDSSJ112114.22+032546.7_COS,,
195,sdss,196,J111830.31+402554.3,PG 1115+407,sulentic,LEDA 34570,LEDA   34570,yes,0.1542077342911927,0.0,no,1,True,uv_anchor,fit,2,1.0,1.0,1.0,2,COS;FOS,LEDA 34570_COS;LEDA 34570_FOS,,"2MASS J11183067+4025567 (AGN, 5"")"
196,sdss,287,J130947.01+081948.3,PG 1307+085,sulentic,LEDA 45656,LEDA   45656,yes,0.1544022990126218,0.0,no,1,True,uv_anchor,fit,2,1.0,1.0,0.0,3,COS;FOS;STIS,LEDA 45656_COS;LEDA 45656_FOS;LEDA 45656_STIS,,
197,sdss,153,J100420.13+051300.3,PG 1001+054,sulentic,LEDA 29208,LEDA   29208,yes,0.1612385044965225,0.0,no,1,True,uv_anchor,fit,1,1.0,1.0,1.0,2,COS;FOS,LEDA 29208_COS;LEDA 29208_FOS,,
198,sdss,45,J015950.25+002341.0,Mrk 1014,simbad,Mrk 1014,Mrk 1014,,0.1627878673997119,0.0,no,1,True,sdss_oiii,no_civ_coverage,0,0.0,0.0,0.0,2,COS;STIS,Mrk 1014_COS;Mrk 1014_STIS,,
199,sdss,43,J015530.02-085704.0,2MASS J01553002-0857040,simbad,2MASS J01553002-0857040,2MASS J01553002-0857040,,0.1649267928357659,0.0,no,1,True,uv_anchor,fit,1,1.0,0.0,1.0,2,COS;STIS,2MASS J01553002-0857040_COS;2MASS J01553002-0857040_STIS,,
200,sdss,238,J120442.17+275411.8,GQ Com,sulentic,LEDA 38224,QSO J1204+2754,yes,0.1653512357998014,0.0,no,1,True,uv_anchor,fit,1,1.0,1.0,0.9737,2,COS;FOS,LEDA 38224_COS;LEDA 38224_FOS,,
201,sdss,179,J105143.89+335926.7,QSO B1048+342,simbad,QSO B1048+342,QSO B1048+342,,0.1670992347924374,0.0,no,1,True,uv_anchor,fit,1,1.0,1.0,1.0,2,COS;STIS,QSO B1048+342_COS;QSO B1048+342_STIS,,
202,sdss,426,J165939.76+183436.8,LEDA 3096524,simbad,2MASSI-J165939.7+183436,LEDA 3096524,,0.1707950328276241,0.0,no,1,True,uv_anchor,fit,0,1.0,1.0,1.0,1,STIS,2MASSI-J165939.7+183436_STIS,,
203,sdss,25,J005709.94+144610.1,[OKM2018] SWIFT J0056.9+1472,mast,[OKM2018] SWIFT J0056.9+1472,[OKM2018] SWIFT J0056.9+1472,,0.1718091498586923,0.0,no,1,True,sdss_oiii,fit,,1.0,0.0,0.0,1,COS,[OKM2018] SWIFT J0056.9+1472_COS,,
204,sdss,100,J083148.85+042939.2,QSO B0829+047,simbad,OJ 49,QSO B0829+047,,0.1738,12.8,no,1,True,sdss_oiii,iue_only,,0.0,0.0,0.0,0,,,,
205,sdss,473,J235156.08-010913.4,[HB89] 2349-014,sulentic,ICRF J235156.1-010913,4C -01.61,yes,0.1739381299235957,0.0,no,1,True,uv_anchor,fit,,1.0,1.0,0.0,2,COS;FOS,ICRF J235156.1-010913_COS;ICRF J235156.1-010913_FOS,,
206,sdss,199,J111908.68+211918.0,PG 1116+215,sulentic,Ton 1388,Ton  1388,yes,0.1754931152427492,0.0,no,1,True,uv_anchor,fit,2,1.0,1.0,1.0,3,COS;FOS;STIS,Ton 1388_COS;Ton 1388_FOS;Ton 1388_STIS,,
207,sdss,229,J115349.12+112830.1,2MASS J11534927+1128306,simbad,PG 1151+117,2MASS J11534927+1128306,,0.176,127.5,yes,1,True,sdss_oiii,iue_only,,0.0,0.0,0.0,0,,,,
208,sdss,133,J093302.68+385228.0,LEDA 3095876,simbad,LEDA 3095876,LEDA 3095876,,0.1772697001326776,0.0,no,1,True,sdss_oiii,no_civ_coverage,1,0.0,0.0,0.0,1,COS,LEDA 3095876_COS,,
209,sdss,173,J103059.09+310255.6,FBQS J103059.1+310255,sulentic,ICRF J103059.0+310255,6C 102810+311911,yes,0.1777851648275505,0.0,no,1,True,uv_anchor,fit,1,1.0,1.0,1.0,2,COS;FOS,ICRF J103059.0+310255_COS;ICRF J103059.0+310255_FOS,,
210,sdss,92,J080131.59+354436.3,2MASS J08013157+3544362,simbad,2MASS J08013157+3544362,2MASS J08013157+3544362,,0.1788997738249112,0.0,no,1,True,sdss_oiii,no_civ_coverage,1,0.0,0.0,0.0,1,COS,2MASS J08013157+3544362_COS,,
211,sdss,431,J171448.51+332738.2,2MASS J17144850+3327383,simbad,2MASS J17144850+3327383,2MASS J17144850+3327383,,0.1804647950383507,0.0,no,1,True,uv_anchor,civ_partial,1,0.7786,0.0,1.0,2,COS;STIS,2MASS J17144850+3327383_COS;2MASS J17144850+3327383_STIS,,
212,sdss,289,J131217.74+351520.8,FBQS J131217.7+351521,sulentic,Ton 1565,Ton  1565,yes,0.1829260552701501,0.0,no,1,True,uv_anchor,fit,1,1.0,1.0,1.0,3,COS;FOS;STIS,Ton 1565_COS;Ton 1565_FOS;Ton 1565_STIS,,
213,sdss,213,J113137.16+155645.3,RX J1131.6+1557,simbad,RX J1131.6+1557,RX J1131.6+1557,,0.182958699925627,0.0,no,1,True,sdss_oiii,no_civ_coverage,0,0.0,0.0,0.0,1,COS,RX J1131.6+1557_COS,,
214,sdss,137,J093922.90+370943.9,2MASS J09392289+3709438,simbad,2MASS J09392289+3709438,2MASS J09392289+3709438,,0.1862369895060334,0.0,no,1,True,sdss_oiii,civ_partial,1,0.5393,0.0,0.0,1,COS,2MASS J09392289+3709438_COS,,
215,sdss,327,J140251.19+263117.5,2MASS J14025120+2631175,simbad,ZTF J140251.20+263117.6,2MASS J14025120+2631175,,0.1877570936158482,0.0,no,1,True,sdss_oiii,fit,,0.9036,0.0,0.0,1,COS,ZTF J140251.20+263117.6_COS,,
216,sdss,272,J125142.28+240435.2,2MASS J12514225+2404355,simbad,2MASS J12514225+2404355,2MASS J12514225+2404355,,0.188207138877108,0.0,no,1,True,uv_anchor,fit,1,1.0,0.0,1.0,2,COS;STIS,2MASS J12514225+2404355_COS;2MASS J12514225+2404355_STIS,,
217,sdss,130,J092554.71+195405.0,Ton  1057,simbad,Ton 1057,Ton  1057,,0.1897071691256025,0.0,no,1,True,sdss_oiii,fit,1,1.0,0.0,0.0,1,COS,Ton 1057_COS,,
218,sdss,466,J230845.60-091123.9,LEDA  994116,simbad,LEDA 994116,LEDA  994116,,0.192841161378267,0.0,no,1,True,sdss_oiii,fit,2,1.0,0.0044,0.0,1,COS,LEDA 994116_COS,,
219,sdss,254,J122534.79-024757.1,2MASS J12253479-0247571,simbad,2MASS J12253479-0247571,2MASS J12253479-0247571,,0.1954394957730914,0.0,no,1,True,sdss_oiii,fit,1,1.0,0.0,0.0,1,COS,2MASS J12253479-0247571_COS,,
220,sdss,167,J102152.33+464515.6,2MASS J10215235+4645158,simbad,2MASS J10215235+4645158,2MASS J10215235+4645158,,0.204389520172524,0.0,no,1,True,sdss_oiii,no_civ_coverage,1,0.0,0.0044,0.0,1,COS,2MASS J10215235+4645158_COS,,
221,sdss,104,J083553.46+055317.1,2MASS J08355346+0553171,simbad,2MASS J08355346+0553171,2MASS J08355346+0553171,,0.2050768372364957,0.0,no,1,True,sdss_oiii,civ_partial,1,0.55,0.0,0.0,1,COS,2MASS J08355346+0553171_COS,,
222,sdss,144,J095048.37+392650.9,PG 0947+396,sulentic,LEDA 2149945,LEDA 2149945,yes,0.2059008465834214,0.0,no,1,True,uv_anchor,fit,2,1.0,1.0,1.0,2,COS;FOS,LEDA 2149945_COS;LEDA 2149945_FOS,,
223,sdss,297,J132059.41+295728.1,2MASS J13205941+2957282,simbad,2MASS J13205941+2957282,2MASS J13205941+2957282,,0.2062562995478283,0.0,no,1,True,sdss_oiii,fit,0,1.0,0.0,0.0,1,COS,2MASS J13205941+2957282_COS,,
224,sdss,379,J144414.66+063306.7,2MASS J14441467+0633067,simbad,2MASS J14441467+0633067,2MASS J14441467+0633067,,0.2082787421218677,0.0,no,1,True,sdss_oiii,fit,2,1.0,0.0,0.0,1,COS,2MASS J14441467+0633067_COS,,
225,sdss,159,J100744.55+500746.6,2MASS J10074455+5007467,simbad,2MASS J10074455+5007467,2MASS J10074455+5007467,,0.2118716093544684,0.0,no,1,True,sdss_oiii,fit,2,1.0,0.0,0.0,1,COS,2MASS J10074455+5007467_COS,,"SDSS J100743.28+500737.5 (QSO, 15"")"
226,sdss,366,J142613.40+195523.9,LEDA 1610278,simbad,E1423+201,LEDA 1610278,,0.2135,12.4,no,1,True,sdss_oiii,no_civ_coverage,,0.0,0.0,0.0,1,COS,E1423+201_COS,,
227,sdss,51,J022014.57-072859.2,2MASS J02201457-0728591,simbad,2MASS J02201457-0728591,2MASS J02201457-0728591,,0.2137721031735916,0.0,no,1,True,sdss_oiii,civ_partial,1,0.5714,0.0,0.0,1,COS,2MASS J02201457-0728591_COS,,
228,sdss,143,J095036.75+512838.0,2MASS J09503674+5128382,simbad,2MASS J09503674+5128382,2MASS J09503674+5128382,,0.2143385964407526,0.0,no,1,True,sdss_oiii,no_civ_coverage,1,0.0,0.0,0.0,1,COS,2MASS J09503674+5128382_COS,,
229,sdss,240,J121044.09+164533.0,SDSS J121044.09+164533.1,simbad,SDSS J121044.09+164533.1,SDSS J121044.09+164533.1,,0.2164566400897719,0.0,no,1,True,sdss_oiii,fit,1,1.0,0.0,0.0,1,COS,SDSS J121044.09+164533.1_COS,,
230,sdss,394,J153228.80+045358.4,2MASS J15322879+0453581,simbad,2MASS J15322879+0453581,2MASS J15322879+0453581,,0.2182197726059885,0.0,no,1,True,sdss_oiii,fit,1,0.8179,0.0,0.0,1,COS,2MASS J15322879+0453581_COS,,
231,sdss,139,J094603.94+013923.7,2MASS J09460395+0139235,simbad,2MASS J09460395+0139235,2MASS J09460395+0139235,,0.2196892987832372,0.0,no,1,True,uv_anchor,no_civ_coverage,0,0.0,0.0,1.0,2,COS;STIS,2MASS J09460395+0139235_COS;2MASS J09460395+0139235_STIS,,
232,sdss,371,J142943.10+474726.1,[HB89] 1427+480,sulentic,2MASS J14294306+4747262,2MASS J14294306+4747262,yes,0.2201802978449285,0.0,no,1,True,uv_anchor,fit,2,1.0,1.0,0.0,2,COS;FOS,2MASS J14294306+4747262_COS;2MASS J14294306+4747262_FOS,,
233,sdss,206,J112439.18+420145.0,PG 1121+422,sulentic,2MASS J11243917+4201450,2MASS J11243917+4201450,yes,0.2251139627299986,0.0,no,1,True,uv_anchor,fit,2,1.0,0.9688,0.0,2,COS;FOS,2MASS J11243917+4201450_COS;2MASS J11243917+4201450_FOS,,
234,sdss,135,J093653.86+533126.8,QSO J0936+5331,simbad,QSO J0936+5331,QSO J0936+5331,,0.2276375633570726,0.0,no,1,True,uv_anchor,civ_partial,0,0.175,0.5965,1.0,2,COS;STIS,QSO J0936+5331_COS;QSO J0936+5331_STIS,,
235,sdss,6,J001224.01-102226.3,2MASX J00122399-1022269,simbad,2MASX J00122399-1022269,2MASX J00122399-1022269,,0.2287656532346176,0.0,no,1,True,uv_anchor,civ_partial,1,0.3857,0.9825,1.0,2,COS;STIS,2MASX J00122399-1022269_COS;2MASX J00122399-1022269_STIS,,
236,sdss,413,J161711.42+063833.4,2MASS J16171142+0638333,simbad,2MASS J16171142+0638333,2MASS J16171142+0638333,,0.2291917381085154,0.0,no,1,True,uv_anchor,civ_partial,0,0.3071,0.978,0.0,1,COS,2MASS J16171142+0638333_COS,,
237,sdss,427,J165958.93+620218.1,2MASS J16595894+6202181,simbad,2MASS J16595894+6202181,2MASS J16595894+6202181,,0.2326870796856196,0.0,no,1,True,uv_anchor,civ_partial,0,0.7893,1.0,0.0,1,COS,2MASS J16595894+6202181_COS,,
238,sdss,2,J000547.55+020302.1,LBQS 0003+0146,sulentic,LBQS0003+0146,LBQS 0003+0146,yes,0.233371515304252,0.0,no,1,True,uv_anchor,fit,2,1.0,0.9412,0.0,1,FOS,LBQS0003+0146_FOS,,
239,sdss,127,J092159.39+450912.3,2MASS J09215939+4509126,simbad,2MASS J09215939+4509126,2MASS J09215939+4509126,,0.2349403549032422,0.0,no,1,True,sdss_oiii,fit,0,1.0,0.0,0.0,1,COS,2MASS J09215939+4509126_COS,,
240,sdss,90,J075620.07+304535.4,[VV2006] J075620.1+304535,mast,[VV2006] J075620.1+304535,[VV2006] J075620.1+304535,,0.2357046557050597,0.0,no,1,True,uv_anchor,civ_partial,0,0.2321,1.0,0.0,1,COS,[VV2006] J075620.1+304535_COS,,
241,sdss,308,J134113.93-005315.0,LBQS 1338-0038,simbad,LBQS-1338-0038,LBQS 1338-0038,,0.2367316779315824,0.0,no,1,True,sdss_oiii,fit,1,0.8964,0.0,0.0,1,COS,LBQS-1338-0038_COS,,
242,sdss,352,J141729.27+531826.5,SDSS J141729.27+531826.5,simbad,RM790,SDSS J141729.27+531826.5,,0.2375168771118837,0.0,no,1,True,uv_anchor,fit,1,1.0,1.0,0.0,1,STIS,RM790_STIS,,
243,sdss,248,J122011.88+020341.5,QSO B1217+023,simbad,Q 1217+023,QSO B1217+023,,0.2402,12.1,no,1,True,sdss_oiii,no_civ_coverage,,0.0,0.0,0.0,1,COS,Q 1217+023_COS,,
244,sdss,158,J100726.10+124856.1,4C 13.41,simbad,4C 13.41,4C 13.41,,0.2404609320966504,0.0,no,1,True,uv_anchor,fit,1,1.0,1.0,0.0,2,COS;STIS,4C 13.41_COS;4C 13.41_STIS,,
245,sdss,347,J141645.15+542540.7,SDSS J141645.15+542540.7,simbad,RM840,SDSS J141645.15+542540.7,,0.2439194164670547,0.0,no,1,True,uv_anchor,fit,1,1.0,1.0,0.0,1,STIS,RM840_STIS,,
246,sdss,115,J085946.35+274534.8,2MASSI J0859463+274534,simbad,2MASSI J0859463+274534,2MASSI J0859463+274534,,0.2441690756959724,0.0,no,1,True,uv_anchor,fit,2,1.0,1.0,0.0,1,STIS,2MASSI J0859463+274534_STIS,,
247,sdss,163,J101152.97+544206.4,2MASS J10115298+5442063,simbad,2MASS J10115298+5442063,2MASS J10115298+5442063,,0.2461937341259831,0.0,no,1,True,uv_anchor,fit,0,1.0,1.0,0.0,1,COS,2MASS J10115298+5442063_COS,,
248,sdss,364,J142135.90+523138.9,Anon J142135+5231,simbad,RM772,Anon J142135+5231,,0.2491577239688483,0.0,no,1,True,uv_anchor,fit,1,1.0,1.0,0.0,1,STIS,RM772_STIS,,
249,sdss,84,J074352.02+271239.4,Ton  3,simbad,ATO J115.9667+27.2109,Ton  3,,0.2527472175168159,0.0,no,1,True,uv_anchor,fit,1,1.0,1.0,1.0,1,STIS,ATO J115.9667+27.2109_STIS,,
250,sdss,393,J152757.53+223303.9,LB  9743,simbad,Q 1525+227,LB  9743,,0.2539,12.0,no,1,True,sdss_oiii,iue_only,,0.0,0.0,0.0,0,,,,
251,sdss,105,J083658.92+442601.6,US 1329,simbad,US 1329,US 1329,,0.2542,12.0,no,1,True,sdss_oiii,no_civ_coverage,,0.0,0.0,0.0,1,COS,US 1329_COS,,
252,sdss,101,J083315.21+100052.3,SDSS J083315.08+100052.3,simbad,J0833+1005-OFFNUCLEUS,SDSS J083315.08+100052.3,,0.2545035414000451,0.0,no,1,True,sdss_oiii,no_civ_coverage,1,0.0,0.0,0.0,1,COS,J0833+1005-OFFNUCLEUS_COS,,
253,sdss,161,J101000.69+300321.8,Ton  488,simbad,Ton 488,Ton  488,,0.2562046014752111,0.0,no,1,True,uv_anchor,fit,1,1.0,1.0,1.0,2,COS;STIS,Ton 488_COS;Ton 488_STIS,,
254,sdss,107,J084349.75+261910.7,HS 0840+2630,simbad,2MASS J08434975+2619106,HS 0840+2630,,0.2564214449372359,0.0,no,1,True,sdss_oiii,fit,0,1.0,0.7533,0.0,1,COS,2MASS J08434975+2619106_COS,,
255,sdss,232,J115758.72-002220.8,2MASS J11575874-0022208,simbad,2MASS J11575874-0022208,2MASS J11575874-0022208,,0.2601715363224793,0.0,no,1,True,sdss_oiii,fit,1,1.0,0.0,0.0,1,COS,2MASS J11575874-0022208_COS,,
256,sdss,346,J141625.70+535438.5,2MASS J14162560+5354386,simbad,2MASS J14162560+5354386,2MASS J14162560+5354386,,0.2629867801421608,0.0,no,1,True,uv_anchor,fit,2,1.0,1.0,0.0,1,STIS,2MASS J14162560+5354386_STIS,,
257,sdss,361,J142103.52+515819.4,SDSS J142103.53+515819.4,simbad,RM781,SDSS J142103.53+515819.4,,0.2637910400216207,0.0,no,1,True,uv_anchor,fit,2,1.0,1.0,0.0,1,STIS,RM781_STIS,,
258,sdss,403,J154743.51+205216.5,PG 1545+210,sulentic,ICRF J154743.5+205216,ICRF J154743.5+205216,yes,0.264302369358326,0.0,no,1,True,uv_anchor,fit,,1.0,1.0,1.0,2,COS;FOS,ICRF J154743.5+205216_COS;ICRF J154743.5+205216_FOS,,
259,sdss,359,J142038.52+532416.5,SDSS J142038.52+532416.4,simbad,RM320,SDSS J142038.52+532416.4,,0.2646824252554376,0.0,no,1,True,uv_anchor,fit,1,1.0,1.0,0.0,1,STIS,RM320_STIS,,
260,sdss,299,J132144.96+033055.7,ATO J200.4373+03.5154,simbad,ATO J200.4373+03.5154,ATO J200.4373+03.5154,,0.2685675796918334,0.0,no,1,True,sdss_oiii,fit,1,1.0,0.4402,0.0,1,COS,ATO J200.4373+03.5154_COS,,
261,sdss,380,J144645.91+403506.5,[HB89] 1444+407,sulentic,2MASS J14464593+4035057,2MASS J14464593+4035057,yes,0.2705840249572124,0.0,no,1,True,uv_anchor,fit,1,1.0,1.0,0.0,2,FOS;STIS,2MASS J14464593+4035057_FOS;2MASS J14464593+4035057_STIS,,
262,sdss,409,J160211.49+141053.4,SDSS J160211.49+141053.4,simbad,SDSSJ1602+1410,SDSS J160211.49+141053.4,,0.2766326160680635,0.0,no,1,True,sdss_oiii,no_civ_coverage,,0.0,0.0,0.0,1,COS,SDSSJ1602+1410_COS,,
263,sdss,269,J124659.27+312619.6,2MASS J12465925+3126196,simbad,2MASS J12465925+3126196,2MASS J12465925+3126196,,0.2767042894828003,0.0,no,1,True,sdss_oiii,no_civ_coverage,0,0.0,0.0,0.0,1,COS,2MASS J12465925+3126196_COS,,
264,sdss,241,J121401.34+404822.9,2MASS J12140133+4048233,simbad,2MASS J12140133+4048233,2MASS J12140133+4048233,,0.2769524597484584,0.0,no,1,True,sdss_oiii,no_civ_coverage,0,0.0,0.0,0.0,1,COS,2MASS J12140133+4048233_COS,,
265,sdss,93,J080422.61+192638.7,2MASS J08042265+1926386,simbad,2MASS J08042265+1926386,2MASS J08042265+1926386,,0.2786677653299724,0.0,no,1,True,sdss_oiii,no_civ_coverage,1,0.0,0.0,0.0,1,COS,2MASS J08042265+1926386_COS,,
266,sdss,282,J130422.88+205510.3,2MASS J13042289+2055107,simbad,2MASS J13042289+2055107,2MASS J13042289+2055107,,0.2822847917674421,0.0,no,1,True,sdss_oiii,no_civ_coverage,0,0.0,0.0,0.0,1,COS,2MASS J13042289+2055107_COS,,
267,sdss,434,J171850.29+304201.5,2MASS J17185029+3042017,simbad,2MASS J17185029+3042017,2MASS J17185029+3042017,,0.2823390330206112,0.0,no,1,True,sdss_oiii,no_civ_coverage,,0.0,0.0,0.0,1,COS,2MASS J17185029+3042017_COS,,
268,sdss,293,J131907.82+271828.0,PB  3493,simbad,PB 3493,PB  3493,,0.2838798897818679,0.0,no,1,True,sdss_oiii,no_civ_coverage,0,0.0,0.0,0.0,1,COS,PB 3493_COS,,
269,sdss,128,J092245.11+303258.3,2MASS J09224506+3032585,simbad,2MASS J09224506+3032585,2MASS J09224506+3032585,,0.2872066210280395,0.0,no,1,True,sdss_oiii,no_civ_coverage,0,0.0,0.0,0.0,1,COS,2MASS J09224506+3032585_COS,,
270,sdss,250,J122108.93+422839.2,2MASS J12210891+4228388,simbad,2MASS J12210891+4228388,2MASS J12210891+4228388,,0.2881621507280459,0.0,no,1,True,sdss_oiii,no_civ_coverage,0,0.0,0.0,0.0,1,COS,2MASS J12210891+4228388_COS,,
271,sdss,343,J141308.10+515210.4,SDSS J141308.12+515210.5,simbad,RM822,SDSS J141308.12+515210.5,,0.2885116067353971,0.0,no,1,True,uv_anchor,fit,1,1.0,1.0,0.0,1,STIS,RM822_STIS,,
272,sdss,198,J111905.33+592514.0,2MASS J11190530+5925140,simbad,2MASS J11190530+5925140,2MASS J11190530+5925140,,0.2898494716185003,0.0,no,1,True,sdss_oiii,no_civ_coverage,1,0.0,0.0,0.0,1,COS,2MASS J11190530+5925140_COS,,
273,sdss,132,J092837.98+602521.0,SBSG 0924+606B,simbad,SBSG 0924+606B,SBSG 0924+606B,,0.2957152827083427,0.0,no,1,True,sdss_oiii,civ_partial,,0.6786,0.0,0.0,1,COS,SBSG 0924+606B_COS,,"FIRST J092839.7+602511 (rG, 19"")"
274,sdss,456,J222634.05-090106.1,FBQS J2226-0901,simbad,FBQS J2226-0901,FBQS J2226-0901,,0.2986224246034802,0.0,no,1,True,sdss_oiii,no_civ_coverage,,0.0,0.0,0.0,1,COS,FBQS J2226-0901_COS,,
275,sdss,113,J085259.22+031320.6,2MASS J08525922+0313207,simbad,2MASS J08525922+0313207,2MASS J08525922+0313207,,0.3001248307869056,0.0,no,1,True,sdss_oiii,fit,0,1.0,0.0,0.0,1,COS,2MASS J08525922+0313207_COS,,
276,sdss,109,J084533.29+474934.5,2MASS J08453328+4749345,simbad,2MASS J08453328+4749345,2MASS J08453328+4749345,,0.3022557428196653,0.0,no,1,True,uv_anchor,fit,2,1.0,1.0,0.0,1,STIS,2MASS J08453328+4749345_STIS,,
277,sdss,291,J131426.50+020114.3,2MASS J13142650+0201157,simbad,Q1311+0217,2MASS J13142650+0201157,,0.3072050494185137,0.0,no,1,True,sdss_oiii,fit,2,1.0,0.0,0.0,1,FOS,Q1311+0217_FOS,,
278,sdss,274,J125226.27+563420.7,SBS 1250+568,sulentic,2E 2879,2E  2879,yes,0.3199889175596515,0.0,no,1,True,uv_anchor,fit,1,1.0,1.0,1.0,2,FOS;STIS,2E 2879_FOS;2E 2879_STIS,,
279,sdss,330,J140438.84+432707.0,PB  1309,simbad,IR1402+43,PB  1309,,0.3236599626310497,0.0,no,1,True,uv_anchor,fit,,1.0,1.0,0.0,1,FOS,IR1402+43_FOS,,
280,sdss,457,J223607.68+134355.3,2MASS J22360767+1343554,simbad,2MASS J22360767+1343554,2MASS J22360767+1343554,,0.3264161497257916,0.0,no,1,True,uv_anchor,fit,2,1.0,1.0,0.0,2,COS;STIS,2MASS J22360767+1343554_COS;2MASS J22360767+1343554_STIS,,
281,sdss,312,J134251.60-005345.4,LBQS 1340-0038,simbad,LBQS 1340-0038,LBQS 1340-0038,,0.3269400977285094,0.0,no,1,True,sdss_oiii,fit,2,1.0,0.0,0.0,2,COS;FOS,LBQS 1340-0038_COS;LBQS 1340-0038_FOS,,
282,sdss,152,J100402.61+285535.1,PG 1001+291,sulentic,Ton 28,Ton  28,yes,0.3270439904371061,0.0,no,1,True,uv_anchor,fit,2,1.0,1.0,1.0,3,COS;FOS;STIS,Ton 28_COS;Ton 28_FOS;Ton 28_STIS,,
283,sdss,227,J115324.46+493108.6,SBS 1150+497,sulentic,LB2136,LB  2136,yes,0.3334989960602603,0.0,no,1,True,uv_anchor,fit,1,1.0,1.0,0.0,1,FOS,LB2136_FOS,,
284,sdss,372,J143145.99+030143.8,2MASS J14314604+0301444,simbad,2MASS J14314604+0301444,2MASS J14314604+0301444,,0.3405062626320304,0.0,no,1,True,sdss_oiii,no_civ_coverage,,0.0,0.0,0.0,1,COS,2MASS J14314604+0301444_COS,,
285,sdss,234,J115926.20+210656.1,[HB89] 1156+213,sulentic,TEX1156+213,2MASSI J1159262+210655,yes,0.3473328776538936,0.0,no,1,True,uv_anchor,fit,2,1.0,1.0,0.0,1,FOS,TEX1156+213_FOS,,
286,sdss,337,J141041.25+531848.9,SDSS J141041.25+531848.9,simbad,RM160,SDSS J141041.25+531848.9,,0.3591800968828488,0.0,no,2,True,uv_anchor,fit,1,1.0,1.0,0.0,1,STIS,RM160_STIS,,
287,sdss,180,J105151.47-005117.8,PG 1049-005,sulentic,PG 1049-005,PG 1049-005,yes,0.3600537624415858,0.0,no,2,True,uv_anchor,fit,2,1.0,1.0,0.0,3,COS;FOS;STIS,PG 1049-005_COS;PG 1049-005_FOS;PG 1049-005_STIS,,
288,sdss,32,J011324.21+295815.8,4C 29.02,simbad,B20110+29,4C 29.02,,0.3625039458420198,0.0,no,2,True,uv_anchor,fit,1,1.0,0.9868,0.0,1,FOS,B20110+29_FOS,,
289,sdss,344,J141318.95+543202.3,SDSS J141318.96+543202.4,simbad,RM782,SDSS J141318.96+543202.4,,0.3630632535664089,0.0,no,2,True,uv_anchor,fit,2,1.0,1.0,0.0,1,STIS,RM782_STIS,,
290,sdss,368,J142735.62+263214.4,[HB89] 1425+267,sulentic,Ton 202,Ton  202,yes,0.363731051231133,0.0,no,2,True,uv_anchor,fit,,1.0,1.0,1.0,3,COS;FOS;STIS,Ton 202_COS;Ton 202_FOS;Ton 202_STIS,,
291,sdss,387,J151443.10+365050.0,[HB89] 1512+370,sulentic,J15147+3650,ICRF J151443.0+365050,yes,0.3709649298938686,0.0,no,2,True,uv_anchor,fit,,1.0,1.0,0.0,1,FOS,J15147+3650_FOS,,
292,sdss,429,J170441.49+604428.9,SBS 1704+608,sulentic,3C351,8C 1704+608,yes,0.3719797196745716,0.0,no,2,True,uv_anchor,fit,1,1.0,1.0,0.0,2,FOS;STIS,3C351_FOS;3C351_STIS,,
293,sdss,245,J121649.06+174804.4,LBQS 1214+1804,simbad,Q1214+1804,LBQS 1214+1804,,0.3733307764234906,0.0,no,2,True,sdss_oiii,fit,2,1.0,0.0,0.0,1,FOS,Q1214+1804_FOS,,
294,sdss,212,J113002.99+602628.5,SDSS J113002.99+602628.4,simbad,Q1130+6026,SDSS J113002.99+602628.4,,0.3741450071609884,0.0,no,2,True,sdss_oiii,no_civ_coverage,0,0.0,0.0,0.0,1,COS,Q1130+6026_COS,,
295,sdss,210,J112736.38+265450.4,LB 10203,simbad,LB 10203,LB 10203,,0.3794773916728525,0.0,no,2,True,uv_anchor,no_civ_coverage,0,0.0,1.0,0.0,2,COS;FOS,LB 10203_COS;LB 10203_FOS,,
296,sdss,222,J114121.70+014803.3,LBQS 1138+0204,sulentic,LBQS1138+0204,UM 445,yes,0.3819158249060606,0.0,no,2,True,sdss_oiii,fit,1,1.0,0.0,0.0,1,FOS,LBQS1138+0204_FOS,,
297,sdss,223,J114718.03-013207.6,LBQS 1144-0115,sulentic,LBQS1144-0115,LBQS 1144-0115,yes,0.3820187531289211,0.0,no,2,True,sdss_oiii,fit,1,1.0,0.0,0.0,1,FOS,LBQS1144-0115_FOS,,
298,sdss,396,J153636.24+044127.0,QSO J1536+0441,simbad,QSO J1536+0441,QSO J1536+0441,,0.3889571950060589,0.0,no,2,True,sdss_oiii,fit,0,0.8925,0.0,0.0,1,COS,QSO J1536+0441_COS,,
299,sdss,29,J010312.96+022110.3,LBQS 0100+0205,sulentic,LBQS 0100+0205,LBQS 0100+0205,yes,0.3938332691580054,0.0,no,2,True,sdss_oiii,fit,,1.0,0.0,0.0,2,COS;FOS,LBQS 0100+0205_COS;LBQS 0100+0205_FOS,,
300,sdss,200,J111916.13+110107.0,2MASS J11191611+1101069,simbad,2MASS J11191611+1101069,2MASS J11191611+1101069,,0.3938676883145244,0.0,no,2,True,sdss_oiii,fit,0,0.8831,0.0,0.0,1,COS,2MASS J11191611+1101069_COS,,
301,sdss,422,J163020.81+375655.5,[HB89] 1628+380,sulentic,1628.6+3806,QSO B1628+3803,yes,0.3943505986216355,0.0,no,2,True,sdss_oiii,fit,1,1.0,0.0,0.0,1,FOS,1628.6+3806_FOS,,
302,sdss,39,J013955.77+061922.8,2MASS J01395577+0619225,simbad,2MASS J01395577+0619225,2MASS J01395577+0619225,,0.3963243714693187,0.0,no,2,True,uv_anchor,fit,2,1.0,1.0,0.0,1,STIS,2MASS J01395577+0619225_STIS,,
303,sdss,87,J075051.72+245409.4,2MASS J07505172+2454095,simbad,2MASS J07505172+2454095,2MASS J07505172+2454095,,0.4002136667185859,0.0,no,2,True,uv_anchor,fit,1,1.0,1.0,1.0,1,STIS,2MASS J07505172+2454095_STIS,,
304,sdss,402,J154530.28+484608.5,[HB89] 1543+489,sulentic,QSO B1544+4855,PG 1543+489,yes,0.4009103960055726,0.0,no,2,True,sdss_oiii,fit,1,1.0,0.0,0.0,3,COS;FOS;STIS,QSO B1544+4855_COS;QSO B1544+4855_FOS;QSO B1544+4855_STIS,,
305,sdss,8,J002025.06+022625.2,LBQS 0017+0209,sulentic,LBQS0017+0209,LBQS 0017+0209,yes,0.4021788710946813,0.0,no,2,True,uv_anchor,fit,2,1.0,1.0,0.8602,1,FOS,LBQS0017+0209_FOS,,
306,sdss,263,J123325.79+093123.2,LBQS 1230+0947,sulentic,LBQS1230+0947,LBQS 1230+0947,yes,0.4159893726063489,0.0,no,2,True,sdss_oiii,fit,2,1.0,0.0,0.0,1,FOS,LBQS1230+0947_FOS,,
307,sdss,304,J133045.15+281321.4,2MASS J13304515+2813216,simbad,2MASS J13304515+2813216,2MASS J13304515+2813216,,0.4171968473498484,0.0,no,2,True,sdss_oiii,no_civ_coverage,0,0.0,0.0,0.0,1,COS,2MASS J13304515+2813216_COS,,"QSO J1330+2813 (QSO, 28"")"
308,sdss,181,J105232.85+612520.5,[HB89] 1049+616,sulentic,4C61.20,2MASX J10523275+6125211,yes,0.4211027940391447,0.0,no,2,True,sdss_oiii,fit,2,1.0,0.0,0.0,1,FOS,4C61.20_FOS,,
309,sdss,400,J154340.74+112801.3,2MASS J15434073+1128015,simbad,2MASS J15434073+1128015,2MASS J15434073+1128015,,0.4216610211436046,0.0,no,2,True,sdss_oiii,no_civ_coverage,0,0.0,0.0,0.0,1,COS,2MASS J15434073+1128015_COS,,
310,sdss,184,J110047.88+104611.4,2E  2370,simbad,4C 10.30,2E  2370,,0.4226,10.5,no,2,True,sdss_oiii,no_civ_coverage,0,0.0,0.0,0.0,1,COS,4C 10.30_COS,,
311,sdss,341,J141202.87+522026.0,[HB91] 1410+525,mast,[HB91] 1410+525,[HB91] 1410+525,,0.4226841326747823,0.0,no,2,True,uv_anchor,fit,,1.0,1.0,0.0,1,STIS,[HB91] 1410+525_STIS,,
312,sdss,187,J110631.75-005253.2,QSO B1103-006,simbad,QSO B1103-006,QSO B1103-006,,0.4269242330231856,0.0,no,2,True,uv_anchor,fit,1,1.0,1.0,0.0,2,FOS;STIS,QSO B1103-006_FOS;QSO B1103-006_STIS,,
313,sdss,374,J143511.53+360437.2,QSO J1435+3604,simbad,QSO J1435+3604,QSO J1435+3604,,0.4294757451675097,0.0,no,2,True,sdss_oiii,no_civ_coverage,0,0.0,0.0,0.0,1,COS,QSO J1435+3604_COS,,
314,sdss,329,J140410.61+093745.8,2MASS J14041058+0937451,simbad,1401+0951,2MASS J14041058+0937451,,0.4377786544007207,0.0,no,2,True,sdss_oiii,fit,2,1.0,0.0,0.0,1,FOS,1401+0951_FOS,,
315,sdss,249,J122039.35+171820.7,87GB 121807.5+173455,simbad,87GB 121807.5+173455,87GB 121807.5+173455,,0.4433122496293902,0.0,no,2,True,sdss_oiii,no_civ_coverage,0,0.0,0.0,0.0,1,COS,87GB 121807.5+173455_COS,,"SDSS J122039.87+171807.3 (QSO, 15"")"
316,sdss,89,J075537.05+254238.5,QSO J0755+2542,simbad,OI-287,QSO J0755+2542,,0.444415694712746,0.0,no,2,True,sdss_oiii,fit,1,0.9929,0.0,0.0,1,FOS,OI-287_FOS,,
317,sdss,265,J123820.19+175038.9,LBQS 1235+1807,simbad,LBQS 1235+1807,LBQS 1235+1807,,0.4534610520264962,0.0,no,2,True,uv_anchor,fit,1,1.0,1.0,0.0,1,STIS,LBQS 1235+1807_STIS,,
318,sdss,373,J143443.68+200524.4,SDSS J143443.68+200524.4,simbad,SDSS J143443.68+200524.4,SDSS J143443.68+200524.4,,0.4561662348515503,0.0,no,2,True,sdss_oiii,no_civ_coverage,0,0.0,0.0,0.0,1,COS,SDSS J143443.68+200524.4_COS,,
319,sdss,160,J100902.06+071343.8,QSO J1009+0713,simbad,QSO J1009+0713,QSO J1009+0713,,0.4563098405536901,0.0,no,2,True,sdss_oiii,no_civ_coverage,0,0.0,0.0,0.0,1,COS,QSO J1009+0713_COS,,
320,sdss,342,J141214.19+532546.7,SDSS J141214.20+532546.7,simbad,RM101,SDSS J141214.20+532546.7,,0.4576771273079948,0.0,no,2,True,uv_anchor,fit,1,1.0,1.0,0.0,1,STIS,RM101_STIS,,
321,sdss,134,J093502.52+433110.6,US  737,simbad,US 737,US  737,,0.4585393208024262,0.0,no,2,True,uv_anchor,fit,1,1.0,1.0,0.0,1,STIS,US 737_STIS,,
322,sdss,328,J140331.29+462804.8,CSO  606,simbad,CSO 606,CSO  606,,0.4592440194679221,0.0,no,2,True,uv_anchor,fit,2,1.0,1.0,0.0,1,STIS,CSO 606_STIS,,
323,sdss,102,J083332.92+164411.0,2MASS J08333293+1644110,simbad,2MASS J08333293+1644110,2MASS J08333293+1644110,,0.4606448838511962,0.0,no,2,True,uv_anchor,fit,1,1.0,1.0,0.0,1,STIS,2MASS J08333293+1644110_STIS,,
324,sdss,264,J123734.47+444731.7,[VV2006] J123734.4+444731,mast,[VV2006] J123734.4+444731,[VV2006] J123734.4+444731,,0.461239247122457,0.0,no,2,True,uv_anchor,fit,1,1.0,1.0,0.0,2,COS;STIS,[VV2006] J123734.4+444731_COS;[VV2006] J123734.4+444731_STIS,,
325,sdss,86,J074541.70+314255.6,FBQS J074541.6+314256,sulentic,FBQSJ074541.6+314256,ICRF J074541.6+314256,yes,0.4613060573299271,0.0,no,2,True,uv_anchor,fit,2,1.0,1.0,0.0,1,FOS,FBQSJ074541.6+314256_FOS,,
326,sdss,120,J091029.75+101413.5,QSO J0910+1014,simbad,QSO J0910+1014,QSO J0910+1014,,0.4633149219110179,0.0,no,2,True,sdss_oiii,no_civ_coverage,0,0.0,0.0,0.0,1,COS,QSO J0910+1014_COS,,
327,sdss,292,J131627.84+315825.6,PB  3456,simbad,PB 3456,PB  3456,,0.463691899536254,0.0,no,2,True,uv_anchor,fit,1,1.0,1.0,0.0,1,STIS,PB 3456_STIS,,
328,sdss,382,J145334.13+311401.3,CSO 1075,simbad,CSO 1075,CSO 1075,,0.4643861529384748,0.0,no,2,True,uv_anchor,fit,1,1.0,1.0,0.0,1,STIS,CSO 1075_STIS,,
329,sdss,192,J111138.65+575030.0,2MASS J11113865+5750298,simbad,2MASS J11113865+5750298,2MASS J11113865+5750298,,0.4655455634926327,0.0,no,2,True,uv_anchor,fit,2,1.0,1.0,0.0,1,STIS,2MASS J11113865+5750298_STIS,,
330,sdss,332,J140518.02+531530.0,SDSS J140518.02+531530.1,simbad,RM720,SDSS J140518.02+531530.1,,0.4679143181185927,0.0,no,2,True,uv_anchor,fit,2,1.0,1.0,0.0,1,STIS,RM720_STIS,,
331,sdss,230,J115449.43+013443.5,QSO J1154+0134,simbad,QSO J1154+0134,QSO J1154+0134,,0.4694367069366986,0.0,no,2,True,sdss_oiii,no_civ_coverage,0,0.0,0.0,0.0,1,COS,QSO J1154+0134_COS,,
332,sdss,336,J141018.04+532937.4,SDSS J141018.04+532937.4,simbad,RM229,SDSS J141018.04+532937.4,,0.4699624136891457,0.0,no,2,True,uv_anchor,fit,1,1.0,1.0,0.0,1,STIS,RM229_STIS,,
333,sdss,97,J082024.21+233450.4,QSO J0820+2334,simbad,QSO J0820+2334,QSO J0820+2334,,0.4702859377768876,0.0,no,2,True,uv_anchor,fit,2,1.0,1.0,0.0,2,COS;STIS,QSO J0820+2334_COS;QSO J0820+2334_STIS,,
334,sdss,415,J161916.54+334238.5,QSO J1619+3342,simbad,QSO J1619+3342,QSO J1619+3342,,0.471421556235689,0.0,no,2,True,sdss_oiii,no_civ_coverage,,0.0,0.0,0.0,1,COS,QSO J1619+3342_COS,,
335,sdss,262,J123304.05-003134.1,LBQS 1230-0015,simbad,LBQS 1230-0015,LBQS 1230-0015,,0.4716400520987808,0.0,no,2,True,sdss_oiii,no_civ_coverage,0,0.0,0.0,0.0,1,COS,LBQS 1230-0015_COS,,
336,sdss,340,J141123.42+521331.7,CXOMP J141123.4+521331,simbad,CXOMP J141123.4+521331,CXOMP J141123.4+521331,,0.4720930256692396,0.0,no,2,True,uv_anchor,fit,2,1.0,1.0,0.0,1,STIS,CXOMP J141123.4+521331_STIS,,
337,sdss,220,J113923.66+002301.6,[VV2000] J113923.7+002301,mast,[VV2000] J113923.7+002301,[VV2000] J113923.7+002301,,0.4721621210325112,0.0,no,2,True,uv_anchor,fit,1,1.0,1.0,0.0,1,STIS,[VV2000] J113923.7+002301_STIS,,
338,sdss,172,J102847.01+391800.4,[VV98] J102847.0+391758,mast,[VV98] J102847.0+391758,[VV98] J102847.0+391758,,0.4725085969907454,0.0,no,2,True,sdss_oiii,no_civ_coverage,0,0.0,0.0,0.0,1,COS,[VV98] J102847.0+391758_COS,,
339,sdss,204,J112224.14+031802.6,QSO J1122+0318,simbad,QSO J1122+0318,QSO J1122+0318,,0.4751962607956035,0.0,no,2,True,uv_anchor,fit,1,1.0,1.0,0.0,2,COS;STIS,QSO J1122+0318_COS;QSO J1122+0318_STIS,,
340,sdss,281,J130112.92+590206.8,SBS 1259+593,sulentic,PG1259+593,LB  2522,yes,0.4761056550203191,0.0,no,2,True,uv_anchor,fit,2,1.0,1.0,0.0,3,COS;FOS;STIS,PG1259+593_COS;PG1259+593_FOS;PG1259+593_STIS,,
341,sdss,112,J085116.14+424328.8,US 1786,simbad,US 1786,US 1786,,0.481937232999726,0.0,no,2,True,uv_anchor,fit,1,1.0,1.0,0.0,2,COS;STIS,US 1786_COS;US 1786_STIS,,
342,sdss,391,J152654.61+565512.3,2MASS J15265460+5655124,simbad,2MASS J15265460+5655124,2MASS J15265460+5655124,,0.4819870471821878,0.0,no,2,True,uv_anchor,fit,2,1.0,1.0,0.0,1,STIS,2MASS J15265460+5655124_STIS,,
343,sdss,351,J141724.59+523024.8,3XMM J141724.5+523025,simbad,3XMM J141724.5+523025,3XMM J141724.5+523025,,0.4820421700226696,0.0,no,2,True,uv_anchor,fit,1,1.0,1.0,0.0,1,STIS,3XMM J141724.5+523025_STIS,,"EGSIRAC J141726.30+523031.1 (AGN, 16"")"
344,sdss,201,J111941.12+595108.6,RX J1119.7+5951,simbad,RX J1119.7+5951,RX J1119.7+5951,,0.4874069076444123,0.0,no,2,True,uv_anchor,fit,1,1.0,1.0,0.0,1,STIS,RX J1119.7+5951_STIS,,
345,sdss,103,J083510.36+035901.1,[VV2006] J083510.4+035901,mast,[VV2006] J083510.4+035901,[VV2006] J083510.4+035901,,0.4922651470899501,0.0,no,2,True,uv_anchor,fit,1,1.0,1.0,0.0,1,STIS,[VV2006] J083510.4+035901_STIS,,
346,sdss,7,J002019.22-110609.2,PB  8142,simbad,PB 8142,PB  8142,,0.4924766666950629,0.0,no,2,True,uv_anchor,fit,2,1.0,1.0,0.0,1,STIS,PB 8142_STIS,,
347,sdss,209,J112614.93+310146.6,LB 10193,simbad,LB 10193,LB 10193,,0.4958102286884514,0.0,no,2,True,uv_anchor,fit,1,1.0,1.0,0.0,1,STIS,LB 10193_STIS,,
348,sdss,98,J082658.85+061142.6,2MASS J08265888+0611428,simbad,2MASS J08265888+0611428,2MASS J08265888+0611428,,0.4960378108732581,0.0,no,2,True,uv_anchor,fit,1,1.0,1.0,0.0,1,STIS,2MASS J08265888+0611428_STIS,,
349,sdss,404,J155048.29+400144.9,QSO J1550+4001,simbad,QSO J1550+4001,QSO J1550+4001,,0.4973878733789981,0.0,no,2,True,sdss_oiii,no_civ_coverage,0,0.0,0.0,0.0,1,COS,QSO J1550+4001_COS,,
350,sdss,315,J134701.53+215401.1,2MASS J13470152+2154008,simbad,2MASS J13470152+2154008,2MASS J13470152+2154008,,0.5022094289925365,0.0,no,2,True,uv_anchor,fit,1,1.0,1.0,0.0,1,STIS,2MASS J13470152+2154008_STIS,,
351,sdss,275,J125415.55+480850.6,[VV96] J125415.5+480850,mast,[VV96] J125415.5+480850,[VV96] J125415.5+480850,,0.5026702821830085,0.0,no,2,True,uv_anchor,fit,1,1.0,1.0,0.0,1,STIS,[VV96] J125415.5+480850_STIS,,
352,sdss,150,J100054.96+262242.4,2MASS J10005499+2622423,simbad,2MASS J10005499+2622423,2MASS J10005499+2622423,,0.506057516827396,0.0,no,2,True,uv_anchor,fit,1,1.0,1.0,0.0,1,STIS,2MASS J10005499+2622423_STIS,,
353,sdss,186,J110539.79+342534.4,Ton  1329,simbad,Ton 1329,Ton  1329,,0.5099321361945791,0.0,no,2,True,sdss_oiii,no_civ_coverage,0,0.0,0.0,0.0,1,COS,Ton 1329_COS,,
354,sdss,215,J113330.30+105223.0,QSO B1130+111,simbad,1130+106Y,QSO B1130+111,,0.5106034913646944,0.0,no,2,True,uv_anchor,fit,1,1.0,1.0,0.0,1,FOS,1130+106Y_FOS,,
355,sdss,48,J021225.56+010056.1,PB  6739,simbad,PB 6739,PB  6739,,0.5124950634903213,0.0,no,2,True,sdss_oiii,no_civ_coverage,0,0.0,0.0,0.0,1,COS,PB 6739_COS,,
356,sdss,9,J002038.01+284230.8,SDSS J002037.93+284231.3,simbad,QSO0020+287,SDSS J002037.93+284231.3,,0.5144468180121746,0.0,no,2,True,uv_anchor,fit,1,1.0,1.0,0.0,1,FOS,QSO0020+287_FOS,,
357,sdss,114,J085334.22+434901.8,[HB89] 0850+440,sulentic,US 1867,US 1867,yes,0.5148567601522849,0.0,no,2,True,uv_anchor,fit,2,1.0,1.0,0.0,2,COS;FOS,US 1867_COS;US 1867_FOS,,
358,sdss,407,J155837.77+081345.7,2MASS J15583777+0813455,simbad,2MASS J15583777+0813455,2MASS J15583777+0813455,,0.5171013912709157,0.0,no,2,True,uv_anchor,fit,1,1.0,1.0,0.0,2,COS;STIS,2MASS J15583777+0813455_COS;2MASS J15583777+0813455_STIS,,
359,sdss,470,J234145.51-004640.5,[VV2006] J234145.5-004640,mast,[VV2006] J234145.5-004640,[VV2006] J234145.5-004640,,0.524485126025293,0.0,no,2,True,uv_anchor,fit,,1.0,1.0,0.0,1,STIS,[VV2006] J234145.5-004640_STIS,,
360,sdss,214,J113327.78+032719.1,QSO J1133+0327,simbad,QSO J1133+0327,QSO J1133+0327,,0.5247866998371344,0.0,no,2,True,uv_anchor,fit,1,1.0,1.0,0.0,2,COS;STIS,QSO J1133+0327_COS;QSO J1133+0327_STIS,,
361,sdss,335,J141004.27+523141.0,SDSS J141004.27+523141.0,simbad,RM305,SDSS J141004.27+523141.0,,0.5268654484508013,0.0,no,2,True,uv_anchor,fit,1,1.0,1.0,0.0,1,STIS,RM305_STIS,,
362,sdss,148,J095820.99+322401.9,3C 232,sulentic,Ton 469,Ton  469,yes,0.5300183756985366,0.0,no,2,True,uv_anchor,fit,0,1.0,1.0,1.0,3,COS;FOS;STIS,Ton 469_COS;Ton 469_FOS;Ton 469_STIS,,
363,sdss,349,J141706.67+514340.0,SDSS J141706.67+514340.2,simbad,RM694,SDSS J141706.67+514340.2,,0.5324341333055009,0.0,no,2,True,uv_anchor,fit,1,1.0,1.0,0.0,1,STIS,RM694_STIS,,
364,sdss,174,J103320.65+274024.2,2MASS J10332064+2740242,simbad,2MASS J10332064+2740242,2MASS J10332064+2740242,,0.5366955333305911,0.0,no,2,True,uv_anchor,fit,1,1.0,1.0,0.0,1,STIS,2MASS J10332064+2740242_STIS,,
365,sdss,111,J085053.11+445122.4,US 1766,simbad,US 1766,US 1766,,0.5423139383047447,0.0,no,2,True,sdss_oiii,fit,1,1.0,0.0,0.0,1,COS,US 1766_COS,,
366,sdss,358,J142010.24+524029.6,SDSS J142010.24+524029.6,simbad,RM301,SDSS J142010.24+524029.6,,0.5483705635048117,0.0,no,2,True,uv_anchor,fit,1,1.0,1.0,0.0,1,STIS,RM301_STIS,,
367,sdss,253,J122503.21+162406.7,LBQS 1222+1640,simbad,LBQS 1222+1640,LBQS 1222+1640,,0.5493114487048737,0.0,no,2,True,sdss_oiii,no_civ_coverage,0,0.0,0.0,0.0,1,COS,LBQS 1222+1640_COS,,"2E 1222.5+1640 (AGN, 13"")"
368,sdss,298,J132115.79+284719.6,Ton  156,simbad,TON156,Ton  156,,0.5496371458213126,0.0,no,2,True,uv_anchor,fit,1,1.0,1.0,0.0,1,FOS,TON156_FOS,,
369,sdss,122,J091451.42+421956.9,2MASS J09145142+4219570,simbad,2MASS J09145142+4219570,2MASS J09145142+4219570,,0.5503062464265024,0.0,no,2,True,uv_anchor,fit,1,1.0,1.0,0.0,1,STIS,2MASS J09145142+4219570_STIS,,
370,sdss,307,J133602.00+172512.9,PB  4007,simbad,PG1333+176,PB  4007,,0.5527732016129306,0.0,no,2,True,uv_anchor,fit,1,1.0,1.0,0.0,1,FOS,PG1333+176_FOS,,
371,sdss,417,J162021.80+173623.9,3C 334,sulentic,3C334.0,2E  3648,yes,0.5557573210067811,0.0,no,2,True,uv_anchor,fit,2,1.0,1.0,1.0,1,FOS,3C334.0_FOS,,
372,sdss,126,J091957.69+510610.0,NGC 2841 UB3,sulentic,NGC2841UB3,QSO B0916+512,yes,0.5569443329622199,0.0,no,2,True,uv_anchor,fit,1,1.0,1.0,0.0,1,FOS,NGC2841UB3_FOS,,
373,sdss,155,J100514.21+530240.0,2MASS J10051419+5302398,simbad,2MASS J10051419+5302398,2MASS J10051419+5302398,,0.5624120032253861,0.0,no,2,True,sdss_oiii,no_civ_coverage,0,0.0,0.0,0.0,1,COS,2MASS J10051419+5302398_COS,,
374,sdss,138,J094331.61+053131.4,QSO J0943+0531,simbad,QSO J0943+0531,QSO J0943+0531,,0.5660869262457968,0.0,no,2,True,sdss_oiii,fit,2,1.0,0.0,0.0,1,COS,QSO J0943+0531_COS,,
375,sdss,339,J141115.18+515208.9,SDSS J141115.18+515208.9,simbad,RM622,SDSS J141115.18+515208.9,,0.5714794870408313,0.0,no,2,True,uv_anchor,fit,1,1.0,1.0,0.0,1,STIS,RM622_STIS,,
376,sdss,171,J102839.11+450009.4,QSO J1028+4500,simbad,QSO J1028+4500,QSO J1028+4500,,0.5842076836706303,0.0,no,2,True,sdss_oiii,no_civ_coverage,0,0.0,0.0,0.0,1,COS,QSO J1028+4500_COS,,
377,sdss,267,J124154.02+572107.3,QSO J1241+5721,simbad,QSO J1241+5721,QSO J1241+5721,,0.584523031560963,0.0,no,2,True,sdss_oiii,no_civ_coverage,0,0.0,0.0,0.0,1,COS,QSO J1241+5721_COS,,
378,sdss,338,J141112.71+534507.1,SDSS J141112.71+534507.1,simbad,RM267,SDSS J141112.71+534507.1,,0.5876903758638382,0.0,no,2,True,uv_anchor,fit,1,1.0,1.0,0.0,1,STIS,RM267_STIS,,
379,sdss,41,J015249.68+002314.7,2MASS J01524975+0023145,simbad,0152+0023,2MASS J01524975+0023145,,0.5893996319847848,0.0,no,2,True,uv_anchor,fit,2,1.0,1.0,0.0,1,STIS,0152+0023_STIS,,"SDSS J015249.01+002325.8 (QSO, 15"")"
380,sdss,233,J115839.91+625428.4,[HB89] 1156+631,sulentic,J11586+6254,4C 63.15,yes,0.5925190845721021,0.0,no,2,True,uv_anchor,fit,1,1.0,1.0,0.0,1,FOS,J11586+6254_FOS,,
381,sdss,425,J164258.78+394836.8,3C 345,sulentic,3C345,3C 345,yes,0.593415,0.1,no,2,True,uv_anchor,fit,2,1.0,1.0,1.0,1,FOS,3C345_FOS,,
382,sdss,370,J142927.29+523849.4,[VV2006] J142927.3+523849,mast,[VV2006] J142927.3+523849,[VV2006] J142927.3+523849,,0.5949813137490401,0.0,no,2,True,sdss_oiii,fit,,0.9821,0.0,0.0,1,COS,[VV2006] J142927.3+523849_COS,,
383,sdss,317,J134848.31+262219.7,QSO1348+263,mast,QSO1348+263,[VV96] J134848.3+262237,,0.5959381387080663,0.0,no,2,True,uv_anchor,fit,1,1.0,1.0,0.0,1,FOS,QSO1348+263_FOS,,
384,sdss,285,J130753.95+064214.1,3C 281,sulentic,3C281,3C 281,yes,0.6017533501626714,0.0,no,2,True,uv_anchor,fit,2,1.0,1.0,0.0,1,FOS,3C281_FOS,,
385,sdss,162,J101027.50+413239.0,FBQS J101027.5+413238,sulentic,4C41.21,7C 100725.89+414711.00,yes,0.6125954166688069,0.0,no,2,True,uv_anchor,fit,3,1.0,1.0,0.0,1,FOS,4C41.21_FOS,,
386,sdss,244,J121509.21+330955.2,Ton  1480,simbad,Ton 1480,Ton  1480,,0.6158108315502357,0.0,no,2,True,uv_anchor,fit,2,1.0,1.0,0.0,2,FOS;STIS,Ton 1480_FOS;Ton 1480_STIS,,
387,sdss,189,J110715.00+162802.3,[HB89] 1104+167,sulentic,MC1104+167,ICRF J110715.0+162802,yes,0.6303065240905434,0.0,no,2,True,uv_anchor,fit,2,1.0,1.0,0.0,1,FOS,MC1104+167_FOS,,
388,sdss,83,J074110.69+311159.8,6C 073759+311929,simbad,ICRF J074110.7+311200,6C 073759+311929,,0.6319561457647479,0.0,no,2,True,sdss_oiii,fit,,0.972,0.0,0.0,2,FOS;STIS,ICRF J074110.7+311200_FOS;ICRF J074110.7+311200_STIS,,
389,sdss,193,J111239.11+353928.2,QSO J1112+3539,simbad,QSO J1112+3539,QSO J1112+3539,,0.6360058726998556,0.0,no,2,True,sdss_oiii,no_civ_coverage,0,0.0,0.0,0.0,1,COS,QSO J1112+3539_COS,,
390,sdss,357,J141941.10+533649.6,SDSS J141941.10+533649.6,simbad,RM300,SDSS J141941.10+533649.6,,0.6459553822986581,0.0,no,2,True,uv_anchor,fit,1,1.0,0.9808,0.0,1,STIS,RM300_STIS,,
391,sdss,33,J011818.49+025805.7,ICRF J011818.4+025805,simbad,0115+027,ICRF J011818.4+025805,,0.6671563257126756,0.0,no,2,True,uv_anchor,fit,2,1.0,1.0,0.0,1,FOS,0115+027_FOS,,
392,sdss,118,J090933.52+425347.0,3C 216.0,simbad,3C216-0,3C 216.0,,0.6699145822454888,0.0,no,2,True,uv_anchor,fit,0,1.0,1.0,0.0,1,FOS,3C216-0_FOS,,
393,sdss,360,J142052.43+525622.3,[VV2006] J142052.4+525621,mast,[VV2006] J142052.4+525621,[VV2006] J142052.4+525621,,0.6779450876299261,0.0,no,2,True,uv_anchor,fit,,1.0,0.94,0.0,1,STIS,[VV2006] J142052.4+525621_STIS,,
394,sdss,106,J084047.56+131223.6,3C 207,sulentic,3C207,3C 207.0,yes,0.6797683519885304,0.0,no,2,True,uv_anchor,fit,2,1.0,1.0,0.9701,1,FOS,3C207_FOS,,
395,sdss,350,J141720.29+514032.2,SDSS J141720.29+514032.5,simbad,RM746,SDSS J141720.29+514032.5,,0.6826971739085261,0.0,no,2,True,sdss_oiii,fit,1,1.0,0.06,0.0,1,STIS,RM746_STIS,,
396,sdss,203,J112129.75+123617.0,4C 12.40,simbad,MC1118+12,4C 12.40,,0.6830295641090576,0.0,no,2,True,uv_anchor,fit,2,1.0,1.0,0.9873,2,FOS;STIS,MC1118+12_FOS;MC1118+12_STIS,,
397,sdss,131,J092703.04+390220.9,[HB89] 0923+392,sulentic,J09270+3902,4C 39.25,yes,0.6950468576134012,0.0,no,2,True,uv_anchor,fit,,1.0,1.0,0.9764,1,FOS,J09270+3902_FOS,,
398,sdss,432,J171539.84+574722.1,QSO J1715+5747,simbad,QSO J1715+5747,QSO J1715+5747,,0.6975058971258566,0.0,no,2,True,sdss_oiii,fit,2,1.0,0.7692,0.0,1,STIS,QSO J1715+5747_STIS,,
399,sdss,145,J095632.48+512823.7,[VV2006] J095632.5+512824,mast,[VV2006] J095632.5+512824,[VV2006] J095632.5+512824,,0.7141354909228184,0.0,no,2,True,sdss_oiii,fit,,1.0,0.0,0.0,1,STIS,[VV2006] J095632.5+512824_STIS,,
400,sdss,323,J135704.46+191907.0,[HB89] 1354+195,sulentic,[OKM2018] SWIFT J1357.0+1929,4C 19.44,yes,0.7196077067036691,0.0,no,2,True,uv_anchor,fit,,1.0,1.0,0.9538,2,COS;FOS,[OKM2018] SWIFT J1357.0+1929_COS;[OKM2018] SWIFT J1357.0+1929_FOS,,
401,sdss,235,J115931.87+291443.5,Ton  599,simbad,4C29.45,Ton  599,,0.7246915169254025,0.0,no,2,True,uv_anchor,fit,1,1.0,1.0,0.9423,1,FOS,4C29.45_FOS,,
402,sdss,194,J111438.70+403720.1,3C 254,sulentic,3C254,3C 254,yes,0.7348010249544691,0.0,no,2,True,uv_anchor,fit,1,1.0,1.0,0.92,1,FOS,3C254_FOS,,
403,sdss,121,J091440.38+282330.6,QSO J0914+2823,simbad,QSO J0914+2823,QSO J0914+2823,,0.735609436319563,0.0,no,2,True,sdss_oiii,no_civ_coverage,0,0.0,0.0,0.0,1,COS,QSO J0914+2823_COS,,
404,sdss,30,J010737.04-001911.8,2MASS J01073702-0019115,simbad,0107-0019,2MASS J01073702-0019115,,0.7379901791928926,0.0,no,2,True,sdss_oiii,fit,2,1.0,0.0,0.0,1,STIS,0107-0019_STIS,,
405,sdss,177,J104733.39-004700.8,QSO J1047-0047,simbad,QSO J1047-0047,QSO J1047-0047,,0.7410666405695336,0.0,no,2,True,sdss_oiii,fit,3,1.0,0.0,0.0,1,STIS,QSO J1047-0047_STIS,,
406,sdss,191,J111054.91+004853.7,2QZ J111054.9+004853,simbad,2QZ J111054.9+004853,2QZ J111054.9+004853,,0.7616487922652773,0.0,no,2,True,sdss_oiii,fit,1,1.0,0.0,0.0,1,STIS,2QZ J111054.9+004853_STIS,,
407,sdss,474,J235321.61-002841.1,LBQS 2350-0045B,simbad,LBQS 2350-0045B,LBQS 2350-0045B,,0.7645967254752307,0.0,no,2,True,sdss_oiii,fit,2,1.0,0.0,0.0,1,STIS,LBQS 2350-0045B_STIS,,
408,sdss,151,J100306.80+681317.4,QSO B0959+6827,simbad,0959+68W1,QSO B0959+6827,,0.7713587521779437,0.0,no,2,True,sdss_oiii,fit,2,1.0,0.0,0.0,1,FOS,0959+68W1_FOS,,
409,sdss,399,J153934.79+473531.4,[HB89] 1538+477,sulentic,PG1538+477,PG 1538+47,yes,0.7720745622785224,0.0,no,2,True,sdss_oiii,fit,1,1.0,0.0,0.0,1,FOS,PG1538+477_FOS,,"SDSS J153935.81+473538.0 (QSO, 12"")"
410,sdss,376,J143726.14+504555.8,7C 143544.20+505906.00,simbad,7C 143544.20+505906.00,7C 143544.20+505906.00,,0.7829173500082636,0.0,no,2,True,sdss_oiii,no_civ_coverage,,0.0,0.0,0.0,1,COS,7C 143544.20+505906.00_COS,,
411,sdss,311,J134246.24-003544.1,LBQS 1340-0020,simbad,LBQS 1340-0020,LBQS 1340-0020,,0.7867421695036091,0.0,no,2,True,sdss_oiii,fit,1,1.0,0.0,0.0,1,STIS,LBQS 1340-0020_STIS,,
412,sdss,390,J152510.60+002633.4,QSO J1525+0026,simbad,QSO J1525+0026,QSO J1525+0026,,0.8031388423475001,0.0,no,2,True,sdss_oiii,fit,1,1.0,0.0,0.0,2,COS;STIS,QSO J1525+0026_COS;QSO J1525+0026_STIS,,
413,sdss,31,J011056.92+001911.5,QSO J0110+0019,simbad,QSO J0110+0019,QSO J0110+0019,,0.8062830165193169,0.0,no,2,True,sdss_oiii,fit,1,1.0,0.0,0.0,1,STIS,QSO J0110+0019_STIS,,
414,sdss,286,J130829.71+300539.1,PB  3344,simbad,1306+3021,PB  3344,,0.8094234182920599,0.0,no,2,True,sdss_oiii,fit,1,1.0,0.0,0.0,1,FOS,1306+3021_FOS,,
415,sdss,401,J154420.10+591225.9,HS1543+5921,mast,HS1543+5921,[SRD2004] 20,,0.8118231558161655,0.0,no,2,True,sdss_oiii,fit,1,1.0,0.0,0.0,1,STIS,HS1543+5921_STIS,,
416,sdss,354,J141830.20+522212.4,SDSS J141830.20+522212.4,simbad,SDSS J141830.20+522212.4,SDSS J141830.20+522212.4,,0.8208482614373188,0.0,no,2,True,sdss_oiii,fit,2,1.0,0.0,0.0,1,STIS,SDSS J141830.20+522212.4_STIS,,
417,sdss,165,J101622.61+470643.3,QSO J1016+4706,simbad,QSO J1016+4706,QSO J1016+4706,,0.8226163599706675,0.0,no,2,True,sdss_oiii,no_civ_coverage,1,0.0,0.0,0.0,1,COS,QSO J1016+4706_COS,,
418,sdss,42,J015318.14+000911.5,QSO J0153+0009,simbad,QSO J0153+0009,QSO J0153+0009,,0.8371579292878569,0.0,no,2,True,sdss_oiii,fit,2,1.0,0.0,0.0,1,STIS,QSO J0153+0009_STIS,,
419,sdss,362,J142112.29+524147.2,SDSS J142112.29+524147.2,simbad,SDSS J142112.29+524147.2,SDSS J142112.29+524147.2,,0.8425340437103421,0.0,no,2,False,sdss_no_oiii,fit,1,1.0,0.0,0.0,1,STIS,SDSS J142112.29+524147.2_STIS,,"SDSS J142109.68+524149.7 (QSO, 24"")"
420,sdss,305,J133108.29+303032.8,3C 286,simbad,3C 286,3C 286,,0.8495430998896137,0.0,no,2,False,sdss_no_oiii,fit,2,1.0,0.0,0.0,2,FOS;STIS,3C 286_FOS;3C 286_STIS,,
421,sdss,208,J112553.81+591021.5,SBSG 1123+594A,simbad,SBSG 1123+594A,SBSG 1123+594A,,0.8540186436278705,0.0,no,2,False,sdss_no_oiii,no_civ_coverage,0,0.0,0.0,0.0,3,COS;FOS;STIS,SBSG 1123+594A_COS;SBSG 1123+594A_FOS;SBSG 1123+594A_STIS,,
422,sdss,224,J114847.87+105459.2,QSO B1146+112,simbad,MC1146+111,QSO B1146+112,,0.8619548042232137,0.0,no,2,False,sdss_no_oiii,fit,1,1.0,0.0,0.0,1,FOS,MC1146+111_FOS,,
423,sdss,95,J081336.03+481302.4,3C 196,simbad,3C 196,3C 196,,0.870798811921011,0.0,no,2,False,uv_anchor,fit,1,1.0,1.0,1.0,2,FOS;STIS,3C 196_FOS;3C 196_STIS,,
424,sdss,276,J125438.20+114106.1,[HB89] 1252+119,sulentic,PKS1252+11,QSO B1252+119,yes,0.8750498488432586,0.0,no,2,False,sdss_no_oiii,fit,2,1.0,0.0,0.0,1,FOS,PKS1252+11_FOS,,
425,sdss,57,J025616.50-012637.6,PB  6937,simbad,0253-0138,PB  6937,,0.8793399655676271,0.0,no,2,False,sdss_no_oiii,fit,2,1.0,0.0,0.0,1,FOS,0253-0138_FOS,,
426,sdss,147,J095738.16+552257.6,4C 55.17,simbad,4C55-17,4C 55.17,,0.8994548748714215,0.0,no,2,False,sdss_no_oiii,fit,2,1.0,0.0,0.0,1,FOS,4C55-17_FOS,,
427,sdss,149,J100017.66+000523.1,4C 00.34,simbad,4C 00.34,4C 00.34,,0.905131257489342,0.0,no,2,False,sdss_no_oiii,fit,2,1.0,0.0,0.0,1,STIS,4C 00.34_STIS,,
428,sdss,430,J170634.07+361508.7,7C 170448.10+361856.00,simbad,7C 170448.10+361856.00,7C 170448.10+361856.00,,0.9166898715211488,0.0,no,2,False,sdss_no_oiii,fit,1,1.0,0.0,0.0,1,STIS,7C 170448.10+361856.00_STIS,,
429,sdss,420,J162902.68+372437.0,QSO 1629+372,mast,QSO 1629+372,[VV2000] J162902.6+372434,,0.9254,7.8,no,2,False,sdss_no_oiii,iue_only,,0.0,0.0,0.0,0,,,,"[VV2000] J162902.6+372429 (QSO, 6"")"
430,sdss,418,J162439.07+234512.1,3C 336,sulentic,3C336.0,4C 23.43,yes,0.9266396761050272,0.0,no,2,False,sdss_no_oiii,fit,2,1.0,0.0,0.0,1,FOS,3C336.0_FOS,,
431,sdss,433,J171623.69+565445.0,QSO J1716+5654,simbad,QSO J1716+5654,QSO J1716+5654,,0.9392134048975468,0.0,no,2,False,sdss_no_oiii,fit,2,1.0,0.0,0.0,1,STIS,QSO J1716+5654_STIS,,
432,sdss,406,J155729.94+330446.7,7C 1555+3313,simbad,7C 1555+3313,7C 1555+3313,,0.9410762926407744,0.0,no,2,False,sdss_no_oiii,fit,2,1.0,0.0,0.0,2,COS;FOS,7C 1555+3313_COS;7C 1555+3313_FOS,,
433,sdss,99,J083052.09+241059.5,7C 082754.29+242103.00,simbad,ICRF J083052.0+241059,7C 082754.29+242103.00,,0.942441182201089,0.0,no,2,False,uv_anchor,fit,1,1.0,1.0,0.9091,2,FOS;STIS,ICRF J083052.0+241059_FOS;ICRF J083052.0+241059_STIS,,"LAMOST J083051.52+241112.4 (QSO, 15"")"
434,sdss,190,J110936.35+005110.7,QSO J1109+0051,simbad,QSO J1109+0051,QSO J1109+0051,,0.9588849842035948,0.0,no,2,False,sdss_no_oiii,fit,1,1.0,0.0,0.0,1,STIS,QSO J1109+0051_STIS,,
435,sdss,225,J114931.75+223028.3,2MASS J11493175+2230285,simbad,2MASS J11493175+2230285,2MASS J11493175+2230285,,0.9621238172597052,0.0,no,2,False,sdss_no_oiii,no_civ_coverage,1,0.0,0.0,0.0,1,COS,2MASS J11493175+2230285_COS,,
436,sdss,310,J134213.24+602142.8,3C 288.1,simbad,3C 288.1,3C 288.1,,0.9628518226516242,0.0,no,2,False,sdss_no_oiii,fit,1,1.0,0.0,0.0,2,FOS;STIS,3C 288.1_FOS;3C 288.1_STIS,,
437,sdss,256,J122558.44-005226.7,QSO J1225-0052,simbad,QSO J1225-0052,QSO J1225-0052,,0.9636067293003566,0.0,no,2,False,sdss_no_oiii,fit,1,1.0,0.0,0.0,1,STIS,QSO J1225-0052_STIS,,
438,sdss,62,J035230.55-071102.3,2MASSI J0352305-071102,simbad,2MASSI J0352305-071102,2MASSI J0352305-071102,,0.9658738719295776,0.0,no,2,False,sdss_no_oiii,fit,1,1.0,0.0,0.0,2,COS;FOS,2MASSI J0352305-071102_COS;2MASSI J0352305-071102_FOS,,
439,sdss,356,J141921.02-003653.3,QSO J1419-0036,simbad,QSO J1419-0036,QSO J1419-0036,,0.9701837918058638,0.0,no,2,False,sdss_no_oiii,fit,1,0.9891,0.0,0.0,1,STIS,QSO J1419-0036_STIS,,
440,sdss,300,J132320.54+291007.0,Ton  157,simbad,TON157,Ton  157,,0.9718249091051288,0.0,no,2,False,sdss_no_oiii,fit,1,1.0,0.0,0.0,1,FOS,TON157_FOS,,
441,sdss,226,J115120.44+543732.9,LB  2126,simbad,LB 2126,LB  2126,,0.9767036167678352,0.0,no,2,False,sdss_no_oiii,fit,1,1.0,0.0,0.0,2,COS;FOS,LB 2126_COS;LB 2126_FOS,,
442,sdss,154,J100445.73+222519.0,4C 22.26,simbad,PKS1001+22,4C 22.26,,0.9804830875588424,0.0,no,2,False,sdss_no_oiii,fit,2,1.0,0.0,0.0,1,FOS,PKS1001+22_FOS,,
443,sdss,96,J081735.07+223717.7,7C 081438.10+224634.00,simbad,7C 081438.10+224634.00,7C 081438.10+224634.00,,0.9816571523524804,0.0,no,2,False,sdss_no_oiii,no_civ_coverage,,0.0,0.0,0.0,1,COS,7C 081438.10+224634.00_COS,,
444,sdss,303,J132921.74+144431.2,SDSS J132921.75+144431.2,simbad,SDSS J132921.75+144431.2,SDSS J132921.75+144431.2,,0.982568635579821,0.0,no,2,False,sdss_no_oiii,no_civ_coverage,,0.0,0.0,0.0,1,COS,SDSS J132921.75+144431.2_COS,,
445,sdss,288,J131028.63+322043.3,US  371,simbad,PKS 1308+326,US  371,,0.9946,7.5,no,2,False,sdss_no_oiii,iue_only,,0.0,0.0,0.0,0,,,,
446,sdss,392,J152701.74+245248.9,QSO J1527+2452,simbad,QSO J1527+2452,QSO J1527+2452,,0.99545899087509,0.0,no,2,False,sdss_no_oiii,fit,1,0.9881,0.0,0.0,1,STIS,QSO J1527+2452_STIS,,
447,sdss,178,J104839.39+442821.0,[VV2006] J104839.4+442820,mast,[VV2006] J104839.4+442820,[VV2006] J104839.4+442820,,0.9990412132972248,0.0,no,2,False,sdss_no_oiii,no_civ_coverage,1,0.0,0.0,0.0,1,COS,[VV2006] J104839.4+442820_COS,,
448,sdss,205,J112317.52+051804.0,[VV2006] J112317.5+051804,mast,[VV2006] J112317.5+051804,[VV2006] J112317.5+051804,,1.001491752877977,0.0,no,2,False,sdss_no_oiii,no_civ_coverage,1,0.0,0.0,0.0,1,COS,[VV2006] J112317.5+051804_COS,,
449,sdss,176,J104231.12+221300.4,2MASS J10423110+2213003,simbad,2MASS J10423110+2213003,2MASS J10423110+2213003,,1.006926431853759,0.0,no,2,False,sdss_no_oiii,no_civ_coverage,1,0.0,0.0,0.0,1,COS,2MASS J10423110+2213003_COS,,
450,sdss,175,J103928.14+392342.1,[VV2006] J103928.1+392342,mast,[VV2006] J103928.1+392342,[VV2006] J103928.1+392342,,1.011391276998836,0.0,no,2,False,sdss_no_oiii,no_civ_coverage,1,0.0,0.0,0.0,1,COS,[VV2006] J103928.1+392342_COS,,
451,sdss,296,J131956.27+272808.3,Ton  153,simbad,Ton 153,Ton  153,,1.016481261089158,0.0,no,2,False,sdss_no_oiii,fit,1,1.0,0.0,0.0,3,COS;FOS;STIS,Ton 153_COS;Ton 153_FOS;Ton 153_STIS,,
452,sdss,231,J115518.28+193942.4,CLASS-B1152+199-ABS01,mast,CLASS-B1152+199-ABS01,[VV2000] J115518.3+193942,,1.018821761179819,0.0,no,2,False,sdss_no_oiii,no_civ_coverage,1,0.0,0.0,0.0,2,COS;STIS,CLASS-B1152+199-ABS01_COS;CLASS-B1152+199-ABS01_STIS,,
453,sdss,182,J105440.96-002048.7,QSO B1052-0004,simbad,QSO B1052-0004,QSO B1052-0004,,1.019575578495305,0.0,no,2,False,sdss_no_oiii,fit,2,0.9766,0.0,0.0,1,STIS,QSO B1052-0004_STIS,,
454,sdss,398,J153730.96+335837.6,QSO J1537+3358,simbad,QSO J1537+3358,QSO J1537+3358,,1.02279746582192,0.0,no,2,False,sdss_no_oiii,fit,1,0.9816,0.0,0.0,1,STIS,QSO J1537+3358_STIS,,
455,sdss,423,J163302.11+392427.4,7C 163119.39+393037.00,simbad,7C 163119.39+393037.00,7C 163119.39+393037.00,,1.024146146363619,0.0,no,2,False,sdss_no_oiii,fit,1,1.0,0.0,0.0,2,COS;FOS,7C 163119.39+393037.00_COS;7C 163119.39+393037.00_FOS,,
456,sdss,279,J125659.90+042734.0,QSO B1254+0443,simbad,PG1254+047,QSO B1254+0443,,1.028873542691621,0.0,no,2,False,sdss_no_oiii,fit,1,1.0,0.0,0.0,1,FOS,PG1254+047_FOS,,
457,sdss,217,J113709.50+390724.0,QSO J1137+3907,simbad,QSO J1137+3907,QSO J1137+3907,,1.029586952614159,0.0,no,2,False,sdss_no_oiii,fit,1,0.9812,0.0,0.0,1,STIS,QSO J1137+3907_STIS,,
458,sdss,56,J025316.46+010759.7,QSO B0250+0055,simbad,QSO B0250+0055,QSO B0250+0055,,1.032385907165622,0.0,no,2,False,sdss_no_oiii,fit,1,0.9815,0.0,0.0,1,STIS,QSO B0250+0055_STIS,,
459,sdss,271,J125048.30+395139.5,QSO B1248+401,simbad,QSO B1248+401,QSO B1248+401,,1.035992245265798,0.0,no,2,False,sdss_no_oiii,fit,1,1.0,0.0,0.0,3,COS;FOS;STIS,QSO B1248+401_COS;QSO B1248+401_FOS;QSO B1248+401_STIS,,
460,sdss,469,J233439.99+005200.6,QSO J2334+0052,simbad,QSO J2334+0052,QSO J2334+0052,,1.038464247012057,0.0,no,2,False,sdss_no_oiii,fit,0,0.9688,0.0,0.0,1,STIS,QSO J2334+0052_STIS,,
461,sdss,259,J123200.02-022405.8,4C -02.55,simbad,Q1229-0207,4C -02.55,,1.04259567632235,0.0,no,2,False,uv_anchor,fit,2,1.0,0.9605,1.0,3,COS;FOS;STIS,Q1229-0207_COS;Q1229-0207_FOS;Q1229-0207_STIS,,
462,sdss,10,J002204.89-012847.9,LBQS 0019-0145B,simbad,LBQS 0019-0145B,LBQS 0019-0145B,,1.042726968772407,0.0,no,2,False,sdss_no_oiii,fit,,0.9795,0.0,0.0,1,STIS,LBQS 0019-0145B_STIS,,
463,sdss,316,J134844.76+024949.0,[VV2006] J134844.8+024948,mast,[VV2006] J134844.8+024948,[VV2006] J134844.8+024948,,1.044319055875876,0.0,no,2,False,sdss_no_oiii,no_civ_coverage,,0.0,0.0,0.0,1,COS,[VV2006] J134844.8+024948_COS,,
464,sdss,294,J131946.25+514806.2,4C 52.27,simbad,1317+5203,4C 52.27,,1.054859817444746,0.0,no,2,False,sdss_no_oiii,fit,2,0.9888,0.0,0.0,1,FOS,1317+5203_FOS,,
465,sdss,270,J125025.54+301639.7,4C 30.25,simbad,B21248+30,4C 30.25,,1.0606118009282,0.0,no,2,False,sdss_no_oiii,fit,2,0.9922,0.0,0.0,1,FOS,B21248+30_FOS,,
466,sdss,85,J074417.47+375316.9,3C 186,simbad,3C186,3C 186,,1.068358360056554,0.0,no,2,False,uv_anchor,fit,1,1.0,1.0,0.0,1,FOS,3C186_FOS,,
467,sdss,117,J090916.08+163522.5,LB  9388,simbad,LB 9388,LB  9388,,1.072072563143889,0.0,no,2,False,sdss_no_oiii,no_civ_coverage,1,0.0,0.0,0.0,1,COS,LB 9388_COS,,
468,sdss,36,J012528.82-000555.9,QSO J0125-0006,simbad,QSO J0125-0006,QSO J0125-0006,,1.073209199638118,0.0,no,2,False,sdss_no_oiii,fit,2,0.9869,0.0,0.0,2,COS;FOS,QSO J0125-0006_COS;QSO J0125-0006_FOS,,
469,sdss,365,J142253.27-000149.4,QSO J1422-0001,simbad,QSO J1422-0001,QSO J1422-0001,,1.081328128648883,0.0,no,2,False,sdss_no_oiii,no_civ_coverage,,0.0,0.0,0.0,1,COS,QSO J1422-0001_COS,,
470,sdss,277,J125547.61+401230.8,2MASS J12554763+4012302,simbad,2MASS J12554763+4012302,2MASS J12554763+4012302,,1.087057170307751,0.0,no,2,False,sdss_no_oiii,no_civ_coverage,1,0.0,0.0,0.0,1,COS,2MASS J12554763+4012302_COS,,
471,sdss,384,J145502.46+085002.0,2MASS J14550246+0850022,simbad,2MASS J14550246+0850022,2MASS J14550246+0850022,,1.106803693097012,0.0,no,2,False,sdss_no_oiii,no_civ_coverage,,0.0,0.0,0.0,1,COS,2MASS J14550246+0850022_COS,,
472,sdss,183,J105817.89+195150.7,4C 20.24,simbad,PKS1055+20,4C 20.24,,1.114953577665657,0.0,no,2,False,uv_anchor,fit,1,1.0,1.0,1.0,1,FOS,PKS1055+20_FOS,,
473,sdss,326,J140023.10+433852.0,PB  1154,simbad,PB 1154,PB  1154,,1.125772921842728,0.0,no,2,False,sdss_no_oiii,no_civ_coverage,,0.0,0.0,0.0,1,COS,PB 1154_COS,,
474,sdss,142,J094941.10+295518.8,QSO J0949+2955,simbad,PG0946+301,QSO J0949+2955,,1.223437764749421,0.0,no,2,False,sdss_no_oiii,fit,1,0.9861,0.0,0.0,2,FOS;STIS,PG0946+301_FOS;PG0946+301_STIS,,
